Product ID,Description,price,Category
1384719342,niceEshop Studio Microphone Mic Wind Screen Pop Filter Mask Shied for Speaking Recording,7.09,Windsreens & Pop Filters
B00004Y2UT,Monster Standard 100 - 21' Instrument Cable -  Straight to Straight 1/4&quot; plugs,19.56,Instrument Cables
B00005ML71,Yamaha FC-5 Sustain Pedal for Portable Electronic Keyboards,12.55,Pedals & Footswitches
B000068NSX,Fender 18 Feet California Clear Instrument Cable - Lake Placid Blue,25.0,Instrument Cables
B000068NTU,5 Foot Long MIDI to MIDI Connect Cable,6.09,MIDI Cables
B000068NVI,Hosa Cable MCL105 Series Microphone Cables - 5 Foot,6.79,Microphone Cables
B000068NW5,Hosa Cable GTR210 Guitar Instrument Cable - 10 Foot,7.98,Instrument Cables
B000068NZC,"HOSA XLR (F) - 3.5mm Tip/Ring/Sleeve, (wired for dual mono), 1 ft. (Discontinued by Manufacturer)",7.7,Instrument Cables
B000068NZG,Hosa XVS101F Right Angle 3.5mm M to XLR F 1 Foot,6.99,Instrument Cables
B000068O1N,Hosa Cable STP201 TRS To Dual 1/4 Inch Insert Cable - 3 Feet 3 Inches,5.61,Stage & Studio Cables
B000068O3D,HOSA CMP-110 Mono Interconnect - 3.5mm TRS to 1/4&quot; TS,5.53,Stage & Studio Cables
B000068O3X,Hosa Guitar Patch Cable CFS106,3.66,Instrument Cables
B000068O4H,HOSA GXP-143 XLR Female to Balanced 1/4 inch Male Adapter,5.46,Microphone Cables
B000068O59,Hosa YXM121 XLR Female To Dual XLR Male Y Cable,7.28,Microphone Cables
B00006LVEU,Hosa Cable D5S6 Deoxit Contact Cleaner Spray,13.87,Cleaning & Care
B00009W40D,NADY SP-4C Dynamic Microphone,17.97,Multipurpose
B00009W40G,"Nady Xlr To Xlr Microphone Cable, 25 feet",10.43,Microphone Cables
B0000AQRSR,Shure PG48-XLR Cardioid Dynamic Vocal Microphone with XLR-to-XLR Cable,39.0,Vocal
B0000AQRSS,Shure PG58-QTR Cardioid Dynamic Vocal Microphone with 1/4-inch Cable,58.9,Vocal
B0000AQRST,Shure SM57-LC Cardioid Dynamic Microphone,99.0,Instrument
B0000AQRSU,Shure SM58S Vocal Microphone (with On Off Switch),104.0,Vocal
B000165DSM,Pyle PPFMXLR15 15 Feet XLR Male to XLR Female Microphone Cable,9.87,Stage & Studio Cables
B0001FTVD6,Raxxess PTSW25 Rack Screws with Washers (Pack of 25),5.12,Rack Accessories
B0002BACB4,Shure BETA 58A Supercardioid Dynamic Microphone with High Output Neodymium Element for Vocal/Instrument Applications,158.94,Vocal
B0002CZR3G,Danelectro DJ-5C Tuna Melt Tremolo Mini Effects Pedal,31.53,Delay & Reverb
B0002CZSJO,"Kyser 6-String Capo, Silver",13.5,Capos
B0002CZSJY,"Kyser 6-String Capo, Gold",12.86,Capos
B0002CZST4,"Martin M170 80/20 Acoustic Guitar Strings, Extra Light",0.05,Acoustic Guitar Strings
B0002CZT0M,"Martin M130 Silk &amp; Steel Folk Guitar Strings, Light",7.49,Acoustic Guitar Strings
B0002CZTIO,"Wedgie WPH001 Wedgie Pick Holder, Single Packaged",4.47,Picks
B0002CZUTM,"Epiphone ENL2VSCH4 Solid-Body Electric Guitar, Vintage Sunburst",99.0,Solid Body
B0002CZUUG,"Epiphone LP Special II Les Paul Electric Guitar, Ebony",169.0,Solid Body
B0002CZV46,"Planet Waves Circuit Breaker Instrument Cable, 10 feet",19.05,Instrument Cables
B0002CZV78,Boss CH-1 Stereo Super Chorus Pedal,98.0,"Chorus, Flange & Tremolo"
B0002CZV7I,Boss CS-3 Compressor/Sustainer Pedal,95.0,Compression
B0002CZV82,Boss DS1 Distortion Guitar Pedal,49.0,Distortion & Overdrive
B0002CZVA0,Boss MT-2 Metal Zone Distortion Guitar Pedal,84.99,Distortion & Overdrive
B0002CZVB4,Boss OS-2 Overdrive/Distortion Pedal,79.0,Distortion & Overdrive
B0002CZVBE,Boss SD-1 Super Overdrive Pedal,49.0,Distortion & Overdrive
B0002CZVHI,Boss TR-2 Tremolo Pedal,99.0,"Chorus, Flange & Tremolo"
B0002CZVI2,Danelectro DA-1 9.6V AC Adaptor,8.81,Electric Guitar Effects
B0002CZVK0,Dunlop The Original Crybaby Pedal,79.99,Wah & Filter
B0002CZVW8,"Kyser 12-String Capo, Black",13.73,Capos
B0002CZVWS,"Kyser Banjo/Mand Capo, Blk",13.99,Capos
B0002CZVXM,"Dunlop Dual Design Straplok System, Silver",10.22,Strap Locks
B0002CZVZK,Martin M600 Standard Ukulele Strings,5.9,Ukulele Accessories
B0002CZW0Y,Nady MPF-6 6-Inch Clamp On Microphone Pop Filter,15.97,Windsreens & Pop Filters
B0002CZZW4,"Spectraflex Original Series Right Angle Instrument Cable, 10 Foot, Green",32.97,Instrument Cables
B0002D0096,Roland Micro Cube Guitar Amp - Black,149.99,Combo Amps
B0002D01IG,"Epiphone SG Special Electric Guitar, Cherry",179.0,Solid Body
B0002D01K4,Epiphone Case for Epiphone Les Paul Standard &amp; Custom Case,76.32,Electric Guitar Bags & Cases
B0002D01KO,Epiphone Gigbag for Solidbody Electric Guitars,19.0,Electric Guitar Bags & Cases
B0002D01PY,Boss Fs-5U Nonlatching Footswitch,27.95,Electric Guitar Effects
B0002D02IU,"Epiphone DR-100 Acoustic Guitar, Natural",99.0,Steel-string Acoustics
B0002D02RQ,"Dunlop 421P60 .60mm Ultex Guitar Picks, 6-Pack",3.06,Picks
B0002D05FU,Martin 18AP01 GUITAR POLISH 6OZ PUMP,10.99,Cleaning & Care
B0002D070I,Fishman Rare Earth Humbucking Soundhole Pickup,133.01,Pickups & Pickup Covers
B0002D0B4K,"Auralex MoPAD 12 Inches by 4 Inches Monitor Acoustic Isolation Pads, Charcoal (1 Pair)",37.5,Acoustical Treatments
B0002D0C1C,Martin MSP 4050 SP Phosphor Bronze Custom Light Acoustic Guitar Strings,7.43,Acoustic Guitar Strings
B0002D0CA8,"Martin MSP4100 SP Phosphor Bronze Acoustic Guitar Strings, Light",2.35,Acoustic Guitar Strings
B0002D0CAI,"Martin MSP4200 SP Phosphor Bronze Acoustic Guitar Strings, Medium",7.49,Acoustic Guitar Strings
B0002D0CEO,"Tortex Guitar Pick, .50 Red, Pack of 12 (418P.50)",3.25,Picks
B0002D0CGC,"Dunlop 44P38 .38mm Nylon Standard Guitar Picks, 12-Pack",3.71,Picks
B0002D0CGM,"Dunlop Nylon Standard Picks, Cream .46mm, Qty 12",4.98,Picks
B0002D0CGW,"Dunlop Nylon Standard Picks, Grey .60mm",4.95,Picks
B0002D0CIK,"Dunlop 417P58 .58mm Gator Grip Picks, 12-Pack",5.83,Picks
B0002D0CKI,"Dunlop Big Stubby Picks, 2.0mm",4.67,Picks
B0002D0CL2,"Dunlop Jazz III Pick 6-Pack, Black Stiffo, 1.38mm",2.74,Picks
B0002D0CLC,"Dunlop Jazz III Pick Pack, Red Nylon,1.38mm",4.32,Picks
B0002D0CLM,"Dunlop 486PK-L Light (Blue) Gel Picks, 12-Pack",3.59,Picks
B0002D0CNA,Jim Dunlop 5010 Dunlop Mic Stand Pkhldr 7&quot;,3.12,Mic Stands
B0002D0COE,Planet Waves Acoustic Guitar Humidifier,7.02,Cleaning & Care
B0002D0CQC,GHS Fast Fret String and Neck Lubricant,5.99,Cleaning & Care
B0002D0DWK,"Evans EQ Double Pedal Patch, Black Nylon",5.53,Bass Drum Pedals
B0002D0E8S,Ernie Ball 4036 White Polypro Strap,5.57,Straps
B0002D0HY4,"Shure SM48-LC Vocal Dynamic Microphone, Cardioid",36.94,Vocal
B0002D0JZ6,Pignose 7-100 Legendary portable amplifier,74.95,Combo Amps
B0002D0KOG,Samson MB1 Mini Boom Stand,39.99,Mic Stands
B0002D0L40,Super Sensitive Light Violin Rosin,2.24,Violin
B0002D0LKY,"Gibson Lightning Bolt Style 2 Inch Safety Guitar Strap, Jet Black",15.99,Straps
B0002D0LM2,Gibson Gear PRKH-030 top hat knobs (4) / amber,12.99,Knobs
B0002D0MFI,Gibson Gear AIGG-950 Pump Polish and Standard Polish Cloth Combo,5.8,Cleaning & Care
B0002D0N70,CAD M179 Variable-Pattern Condenser Microphone,149.0,Microphones
B0002D0PB4,Clayton Picks Acetal S63/12 Guitar Picks,7.41,Picks
B0002D0Q2W,Danelectro DJ-14C Fish &amp; Chips 7 Band EQ Mini Effects Pedal,28.45,Equalization
B0002DUPZK,Ernie Ball 2150 Extra Slinky Acoustic Phosphor Bronze String Set ( 10 - 50),5.04,Acoustic Guitar Strings
B0002DUPZU,Ernie Ball 2148 Super Slinky Acoustic Phosphor Bronze String Set ( 11 - 52),4.95,Acoustic Guitar Strings
B0002DUQ04,Ernie Ball 2146 Regular Slinky Acoustic Phosphor Bronze String Set (12 - 54),4.9,Acoustic Guitar Strings
B0002DURNK,"Fender 150 L Pure Nickel Ball End 9-42, Electric Guitar Strings",4.0,Electric Guitar Strings
B0002DUS8E,Fender 250L Nickel Plated Steel Electric Guitar Strings - Light,4.26,Electric Guitar Strings
B0002DV6RQ,Ernie Ball 2003 Earthwood Medium Light 80/20 Bronze Acoustic String Set (12 - 54),4.17,Acoustic Guitar Strings
B0002DV7U2,Fender Mini Electric Guitar Stand,9.45,Stands
B0002DV7ZM,Fender Mini Acoustic Guitar Stand,13.24,Stands
B0002DVBJY,Ernie Ball 2831 Power Slinky Nickel Wound Bass Set (55 - 110),11.74,Bass Guitar Strings
B0002E1G5C,Planet Waves Pro Winder String Winder and Cutter,6.92,String Winders
B0002E1H9W,Dunlop System 65 Guitar Maintenance Kit,18.24,Cleaning & Care
B0002E1I2I,Dunlop Guitar Fingerboard Kit,7.59,Cleaning & Care
B0002E1J3Q,Ernie Ball 2626 Not Even Slinky Nickel Wound String Set (12 - 56),5.2,Electric Guitar Strings
B0002E1J5E,Ernie Ball 2627 Beefy Slinky Nickel Wound String Set (11 - 54),3.99,Electric Guitar Strings
B0002E1NNC,"Elixir Strings Acoustic Guitar Strings, 6 String, Extra Light POLYWEB Coating",11.72,Acoustic Guitar Strings
B0002E1NNM,"Elixir Strings Acoustic Guitar Strings, 6 String, Light POLYWEB Coating",11.13,Acoustic Guitar Strings
B0002E1NQ4,"Neotech 5701002 Super Banjo Strap, Black",18.73,Banjo Accessories
B0002E1NQE,Mirror Cover,9.29,Electric Guitar Strings
B0002E1O2C,Elixir Light Nanoweb 80/20 Bronze Acoustic Guitar Strings,12.08,Acoustic Guitar Strings
B0002E1O2M,"Elixir Strings Acoustic Guitar Strings, 6-String, Medium NANOWEB Coating",12.97,Acoustic Guitar Strings
B0002E1O2W,"Elixir Strings Electric Guitar Strings, 6-String, Super Light NANOWEB Coating",9.27,Electric Guitar Strings
B0002E1O3G,"Elixir Strings Electric Guitar Strings, 6-String,  Light NANOWEB Coating",9.27,Electric Guitar Strings
B0002E1O5E,"Elixir Strings Electric Guitar Strings, 6-String, Medium NANOWEB Coating",9.27,Electric Guitar Strings
B0002E1O7M,"Elixir Strings Acoustic Guitar Strings, 6-String, Extra Light NANOWEB Coating",12.08,Acoustic Guitar Strings
B0002E1O7W,"Elixir Strings Acoustic Guitar Strings, 6-String, Custom Light NANOWEB Coating",11.72,Acoustic Guitar Strings
B0002E1O90,"Elixir Strings Acoustic Guitar Strings, 12-String, Light NANOWEB Coating",18.38,Acoustic Guitar Strings
B0002E1OVS,Dean EVO XM Solid Body Electric Guitar - Satin Natural,99.96,Solid Body
B0002E2EOE,RhythmTech RT7350 ProTorq Drum Key,10.18,Drum & Percussion Accessories
B0002E2G24,Fender 099-2250-000 4-Position Custom Shop Telecaster Pickup Selector Switch,13.25,Electronics
B0002E2G2O,Fender Strat/Tele Vintage Machine Head set of 6,29.39,Tuning Pegs
B0002E2GMY,Fender American Series String Guides,6.28,Instrument Accessories
B0002E2KPC,Jim Dunlop 83 Cg Dunlop Crvd Capo Gld,9.92,Capos
B0002E2S36,Fender 351 Classic Celluloid Guitar Picks 12-Pack - Shell - Heavy,3.71,Picks
B0002E2TTO,Guardian Cases CG-020-MA Mandolin Case,39.3,Acoustic & Classical Guitar Bags & Cases
B0002E2VXS,Fender 346 Triangle Guitar Picks 12-Pack - White - Medium,4.53,Picks
B0002E2XCW,"Fender 351 Premium Celluloid Guitar Picks, 12 Pack, Black Moto, Medium",4.82,Picks
B0002E2Z8Y,Shubb C1 Nickel Capo for Steel String Guitar,17.95,Capos
B0002E37G8,Martin Guitar Leather Strap Button,8.69,Straps
B0002E37MM,Monster Standard 100 - 21' Instrument Cable - Angled to Straight 1/4&quot; plugs,19.95,Instrument Cables
B0002E382Q,Monster M ROCK-12 1/4-Inch Rock Instrument Cable (12 Feet),66.51,Instrument Cables
B0002E3830,Monster Rock - 21' Instrument Cable - Straight to Straight 1/4&quot; plugs,118.47,Instrument Cables
B0002E38AS,Monster Rock - 12' Instrument Cable - Angled to Straight 1/4&quot; plugs,61.42,Instrument Cables
B0002E38B2,Monster Rock - 21' Instrument Cable - Angled to Straight 1/4&quot; plugs,61.42,Instrument Cables
B0002E3A8S,"Manhasset 1100 Model #1100 Accessory Shelf, Music Stand Accessory",5.82,Sheet Music Stands
B0002E3B78,Seymour Duncan SA3SC Woody SC Acoustic Guitar Pickup - (Maple),37.0,Pickups & Pickup Covers
B0002E3CHC,"D'Addario EXP15 Coated Phosphor Bronze Acoustic Guitar Strings, Extra Light, 10-47",9.19,Acoustic Guitar Strings
B0002E3DGC,Gator Cases Deluxe ABS Fit-All Electric Guitar Case (Plastic),86.3,Electric Guitar Bags & Cases
B0002E3DLM,OnStage GS7462B Folding Guitar Stand,22.95,Stands
B0002E3DNK,On Stage GS7465 Pro Flip It A-Frame Guitar Stand,25.95,Stands
B0002E3FCO,CAD Audio EPF-15A Pop Filter on 15-Inch Gooseneck,12.49,Windsreens & Pop Filters
B0002E3MRW,Signal Flex MH-6 SHURE TYPE MIC HOLDER,4.49,Clips & Mounts
B0002E4Z8M,"Shure SM7B Vocal Dynamic Microphone, Cardioid",349.0,Vocal
B0002E51ZS,MXR Dyna Comp Effects Pedal,69.99,Compression
B0002E5266,Pacific Drums by DW 700 SERIES BOOM CYMBAL STAND,34.95,Straight
B0002E528E,Pacific Drums and Percussion 700 Series Drum Throne,54.99,Thrones
B0002E52RU,MXR 10 Band Graphic EQ w/ 18V power supply,115.99,Equalization
B0002E54FK,Remo SA011400 Weatherking Ambassador Hazy 14-Inch Snare Side Drumheads,12.13,Snare Drumheads
B0002E54ZU,On Stage MSA-9502  Mini Microphone Boom Arm,11.95,Clips & Mounts
B0002E5518,On Stage MSA9508 Posi-Lok Sidemount Boom,9.56,Mic Stands
B0002F4MKC,WUHAN WU104-12 China Cymbal,27.99,China & Effect
B0002F4VBM,DigiTech DBM Bad Monkey Tube-Overdrive Analog-Distortion Pedal,49.95,Distortion & Overdrive
B0002F519I,Vic Firth Stereo Isolation Headphones.,48.14,DJ Headphones
B0002F52EW,Yamaha FC4 Piano Style Sustain Pedal,19.18,Pedals & Footswitches
B0002F58TG,"Jasmine S35 Acoustic Guitar, Natural",89.99,Steel-string Acoustics
B0002F6RSM,Musician's Gear Deluxe Bass Case Black,54.99,Bass Guitar Bags & Cases
B0002F73YY,Gibraltar SC-DC Hi Hat Drop Clutch,12.34,Musical Instruments
B0002F741Q,Vic Firth American Classic 5A Drum Sticks,6.77,Drumsticks
B0002F75K6,"Squier by Fender MINI Strat Electric Guitar, Black",99.0,Solid Body
B0002F77B8,"Epiphone DR-212 Acoustic Guitar, 12-String, Natural",199.0,Steel-string Acoustics
B0002F7IIK,String Swing Metal Home and Studio Wide Guitar Hanger (Black),8.22,Electric Guitar Stands
B0002F7IN0,"On-Stage SM7211 Professional Folding Orchestral Music Stand, Black",36.95,Sheet Music Stands
B0002F7K7Y,"D'Addario EXL110 Nickel Wound Electric Guitar Strings, Regular Light, 10-46",1.96,Electric Guitar Strings
B0002FO9QY,"Epiphone Case for Epiphone Dot, Sheraton, 335",99.0,Electric Guitar Bags & Cases
B0002FOBJY,Manhasset Model #48 Sheet Music Stand,40.21,Sheet Music Stands
B0002GIRP2,MXL 990 Condenser Microphone with Shockmount,99.99,Condenser Microphones
B0002GIW3Y,John Pearse 600L Phosphor Bronze Acoustic Guitar Strings,6.86,Acoustic Guitar Strings
B0002GJ3E6,Planet Waves Ergonomic Guitar Peg Winder,5.48,Tools
B0002GJ3ZA,"Dunlop 41R71 .71mm (Medium Pink) Delrin Guitar Picks, 72-Pack",13.64,Picks
B0002GJ6FC,Planet Waves Guitar Headstand,7.88,Electric Guitar Stands
B0002GJILE,"Dunlop 474R10 1.0mm Stubby Jazz Guitar Picks, 24-Pack",11.04,Picks
B0002GL7ZO,Gator GK-2110 Gig Bag for Micro Controllers (22.5&quot; x 11.5&quot; x 4&quot;),29.74,"Bags, Cases & Covers"
B0002GLCRC,String Swing CC01K Hardwood Home &amp; Studio Guitar Hanger,9.99,Tools
B0002GLDQM,Dunlop Pickholder (picks not included),1.54,Picks
B0002GMGYA,"Planet Waves Classic Series Instrument Cable, 15 feet",8.55,Instrument Cables
B0002GML4U,"Planet Waves Classic Series XLR Microphone Cable, 25 feet",13.58,Microphone Cables
B0002GOJZO,Dava 1303 Delrin Grip Tips Guitar Pick (6-Pack),6.93,Picks
B0002GOK08,Dava 0109 Master Control Nickel Silver,2.74,Instrument Accessories
B0002GTZR6,Jim Dunlop D3811BL Dun Strap Flambe Blue,9.94,Straps
B0002GW3Y8,Fingerease Guitar String Lubricant,3.49,Instrument Accessories
B0002GWFEQ,Planet Waves Acoustic Guitar Quick-Release System,3.67,Straps
B0002GWXKC,No Title,0,Musical Instruments
B0002GX5NG,"On Stage Microphone 6-inch Gooseneck, Chrome",3.95,Clips & Mounts
B0002GX6V2,MXR Phase 90 Effects Pedal,79.0,"Chorus, Flange & Tremolo"
B0002GXF8Q,"On Stage Foam Ball-Type Mic Windscreen, Black",2.94,Windsreens & Pop Filters
B0002GXPRM,On Stage MY250 Shure Type Microphone Clip,4.1,Clips & Mounts
B0002GXRF2,Remo Pinstripe Value Pack with Emperor X Coated Snare Head,50.99,Snare Drumheads
B0002GXV2Q,Hosa CFS606 6 Inch Right Angle FX Pedal Cable - 6 Pack,5.69,Instrument Cables
B0002GXV3A,MXR 6 Band Graphic EQ Pedal,79.0,Distortion & Overdrive
B0002GXZK4,Jasmine S34C NEX Acoustic Guitar,119.99,Steel-string Acoustics
B0002GYW4C,Planet Waves Microfiber Polish Cloth,5.48,Cleaning & Care
B0002GYYD6,DigiTech XDV DigiVerb Digital Reverb Pedal,99.95,Delay & Reverb
B0002GYYDQ,Digitech XMS Main Squeeze Compressor/Sustainer Guitar Pedal,69.95,Compression
B0002GZ052,"Ernie Ball 6180 Junior Size Volume Pedal-Mono, 250K",67.05,Volume & Expression
B0002GZBLU,"Planet Waves 3 Inch Wide Bass Guitar Strap w/ Internal Pad, Black",14.74,Straps
B0002GZBNS,"Planet Waves Mandolin Strap, Black",10.2,Mandolin Accessories
B0002GZBO2,"Planet Waves Mandolin Strap, Brown",10.47,Mandolin Accessories
B0002GZLZQ,Visual Sound  Visual Sound One Spot Adapter,17.54,Guitar & Bass Accessories
B0002GZM00,Visual Sound One Spot Multi-Plug 5 Cable,7.68,Electric Guitar Effects
B0002GZQ1U,DiMarzio 2&quot; Nylon ClipLock Guitar Strap Black,16.99,Straps
B0002GZTT4,Ernie Ball 4222 Guitar Polish with Cloth,4.99,Cleaning & Care
B0002H02IG,"Planet Waves Custom Series Instrument Cable,  Right Angle, 10 feet",14.5,Instrument Cables
B0002H03YY,"D'Addario EXL120+ Nickel Wound Electric Guitar Strings, Super Light Plus, .0095-.044",5.29,Electric Guitar Strings
B0002H04NE,"D'Addario EXL170 Nickel Wound Bass Guitar Strings, Light, 45-100, Long Scale",13.34,Bass Guitar Strings
B0002H0A3S,"D'Addario EJ26 Phosphor Bronze Acoustic Guitar Strings, Custom Light, 11-52",0.2,Acoustic Guitar Strings
B0002H0FMO,"D'Addario EJ10 Bronze Acoustic Guitar Strings, Extra Light, 10-47",4.83,Acoustic Guitar Strings
B0002H0H4A,Blue Microphones The Pop Universal Pop Filter,29.98,Windsreens & Pop Filters
B0002H0JZC,"D'Addario EJ27N Student Nylon Classical Guitar Strings, Normal Tension",4.69,Classical Guitar Strings
B0002H0KG0,Johnson Mandolin A-Style with F Holes Sunburst,59.99,Mandolins
B0002H0LQO,"D'Addario J65 Ukulele Strings, Soprano",4.08,Ukulele Accessories
B0002H0N76,Dean Markley Blue Steel LT 2034 Acoustic Guitar Strings (.011-.052),5.29,Acoustic Guitar Strings
B0002H0SKS,DR Strings Pure Blues Pure Nickel Wrap Round Core 9-42,5.55,Electric Guitar Strings
B0002HLL8G,"D'Andrea Tone Pins Brass Bridge Pin Set, Abalone",11.94,Bridge & Bridge Parts
B0002IAJ56,Hosa IRG6005 6-Inch Guitar Patch Cable,15.5,Instrument Cables
B0002IHFVM,"Planet Waves Planet Lock Guitar Strap, Polypropylene, Black",8.83,Straps
B0002IHGZC,Voodoo Lab Pedal Power 2 Plus Universal Power Supply - (New),169.0,Multieffects
B0002IHP0S,"Wedgie WMH001 Wedgie Micstand Pick Holder, Single",5.3,Picks
B0002II6V0,Glaesel Violin Ultra Practice Mute,3.94,Orchestral Strings Accessories
B0002KYXTM,Behringer FCV100 Ultra-Flexible Dual-Mode Foot Pedal,29.99,Pedals & Footswitches
B0002KZAKS,Behringer XM8500 Dynamic Cardioid Microphone,24.99,Vocal
B0002KZDN2,Fender 5-way Selector Switch,9.18,Guitar & Bass Accessories
B0002KZE7C,Fender Pickguard Screws,4.36,Pick Guards
B0002KZEAE,"Fender Original 250k Splitshaft Potentiometer, Volume or Tone",5.13,Electronics
B0002KZEMC,"Fender Standard Stratocaster Pickguard, 11-hole For 3 single coil pickups, Black",18.06,Pick Guards
B0002KZFYE,Fender 099-1940-100 Electric Guitar Part Stratocaster Jack Ferrule - Chrome,7.15,Electric Guitar Parts
B0002KZHQA,Fender Polish Cloth - Untreated,3.15,Instrument Accessories
B0002KZISM,Fender Original  Strap Buttons,4.74,Straps
B0002KZIV4,"Fender Strat Knobs, One Volume, Two Tone,  Black",4.92,Knobs
B0002KZIVY,Fender 099-1368-000 Aged White Stratocaster Accessory Kit,16.95,Beginner Kits
B0002KZQ34,Fender Frontman 25R Electric Guitar Amplifier,179.99,Combo Amps
B0002M3OVI,"On Stage DS7200B Adjustable Desk Microphone Stand, Black",12.95,Mic Stands
B0002M6B2M,"Martin M140 Bronze Acoustic Guitar Strings, Light",5.06,Acoustic Guitar Strings
B0002M6CVC,Ernie Ball 2221 Regular Slinky Nickel Wound Set (10 - 46),3.15,Electric Guitar Strings
B0002M6CW6,Ernie Ball 2223 Super Slinky Nickel Wound Set (09 - 42),2.89,Electric Guitar Strings
B0002M728Y,JJ Electronics T-12AX7-S-JJ Vacuum Tube ECC83 Electric Guitar Power Amplifier,11.8,Tubes
B0002M72JS,Electro-Harmonix 12AX7EH Preamp Tube,12.69,Tubes
B0002MDTVS,West Music Wire Music Stand with Bag (black),14.95,Sheet Music Stands
B0002MJTZ8,"On Stage MS7201B Round Base Microphone Stand, Black",24.99,Mic Stands
B0002MSQVQ,Pro Co RAT2 Distortion Pedal,79.99,Distortion & Overdrive
B0002OOMU8,"Dunlop 5005 Pick Holder, Each (5005)",1.85,Pick Holders
B0002OOMW6,"Jim Dunlop 6554 Dunlop Ultimate Lemon Oil, 4 oz.",4.18,Cleaning & Care
B0002OP7VQ,Fender Mini Deluxe Amp,32.17,Mini & Headphone Amps
B0002OS9FC,Hartke VXL Bass Attack Pre-Amp/Direct Box,99.0,Multieffects
B0002PBS5Y,Ernie Ball 2004 Earthwood Light 80/20 Bronze Acoustic String Set  (11 - 52),4.9,Acoustic Guitar Strings
B0002PBS68,Ernie Ball 2215 Skinny Top/Heavy Bottom Slinky Nickel Wound Set (10 - 52),4.06,Electric Guitar Strings
B0002PBS6I,Ernie Ball 2220 Power Slinky Nickel Wound Set (11 - 48),3.83,Electric Guitar Strings
B0002PBS6S,Ernie Ball 2222 Hybrid Slinky Nickel Wound Set (9 - 46),3.55,Electric Guitar Strings
B0002T67J2,Monster S100-I-6 Standard 100 1/4-Inch Instrument Cable (6 Feet),18.99,Instrument Cables
B0002Y6BJI,"D'Addario Prelude Violin String Set, 4/4 Scale, Medium Tension",14.39,Violin
B0002Z2CZY,"Wedgie WRPP31M 3.1mm Medium Wedgie Rubber Pick, 3 Pack",1.26,Picks
B0002Z2D08,"Wedgie WRPP31H 3.1mm Hard Wedgie Rubber Pick, 3 Pack",4.49,Picks
B0002Z2D0I,"Wedgie WRPP31S 3.1mm Soft Wedgie Rubber Pick, 3 Pack",4.67,Picks
B0002ZO3LK,On Stage MY550 Microphone Extension Attachment Bar,6.5,Clips & Mounts
B0002ZO60I,On Stage MY325 Dynamic Shock Mount Microphone Clip,9.95,Clips & Mounts
B0002ZPK0S,HDE XLR 3-pin Male to 1/4in Male Adapter,2.96,Accessories
B0002ZPK5I,&quot;XLR Female To 1/4&quot;&quot; Male Adapter&quot;,2.82,Microphone Cables
B00062GRXQ,On Stage DS7100 Desktop Microphone Stand - Chrome,9.95,Mic Stands
B00063678K,M-Audio SP-2 Sustain Pedal with Piano Style Action for Keyboards,29.95,Pedals & Footswitches
B00064TZYW,Washburn RO10 Rover Steel String Travel Acoustic Guitar - Natural),169.0,Beginner Kits
B0006GR4L6,"Planet Waves Blasted Leather Guitar Strap, Brown",20.12,Straps
B0006H92QK,Audio-Technica AT2020 Side Address Cardioid Condenser Studio Microphone,99.0,Condenser Microphones
B0006IQNCK,"D'Addario J60 5-String Banjo Strings, Nickel, Light, 9-20",3.25,Banjo Accessories
B0006M59M6,Eliminator Lighting Fog Machines EF-400 Fog Machine,36.99,Fog Machines
B0006NDF6C,"On Stage SM7122B Folding Music Stand, Black",12.99,Sheet Music Stands
B0006NDF8A,On Stage XCG4 Tubular Guitar Stand with Velveteen Padding and Security Strap,10.99,Stands
B0006OHVK2,"D'Addario ECG23 Chromes Flat Wound Electric Guitar Strings, Extra Light, 10-48",10.96,Electric Guitar Strings
B0006VMBHI,AudioQuest LP record clean brush,14.75,Accessories
B0006ZXFWO,Jim Dunlop 7007SI Dun Ergo Lok Strap Syst,4.83,Strap Locks
B0006ZXFZQ,MXR Micro Amp Effects Pedal,79.0,Distortion & Overdrive
B0006ZXG00,GraphTech PP-1122-00 TUSQ Acoustic Guitar Bridge Pins,15.49,Bridge & Bridge Parts
B00074B67A,"Levy's Leathers MM4 Wireless Receiver Holder For Guitar, Black",18.99,Straps
B00074WFO8,Planet Waves Pick Holder with LED Light,5.76,Picks
B0007GGUGA,"G7th Performance Capo (Six String, Silver)",31.66,Capos
B0007L8BQW,Pyle-Pro PDWM96 Lavalier Wireless Microphone System,16.2,Microphone Systems
B0007NQH98,MXL 770 Cardioid Condenser Microphone,89.95,Multipurpose
B0007OGTGS,Raxxess RAX Unitray Universal Rack Tray UNS1,27.2,Rack Accessories
B0007ORM0K,"Grover 102-18C Rotomatic 18:1 3 per Side Tuners, Chrome",44.77,Tuning Pegs
B0007SL86A,On Stage QK2B Microphone Clip Quick Release,8.99,Clips & Mounts
B0007WPCKE,On Stage Classic Single-X Keyboard Stand,24.95,Stands
B0007WQZGY,Perri's Polyester double sided design - blue lightning,9.61,Straps
B0007XWUQ2,"D'Addario EJ38 12-String Phosphor Bronze Acoustic Guitar Strings, Light, 10-47",8.73,Acoustic Guitar Strings
B0007Y3XGW,"Grover 406C Rotomatic Mini 3 per Side Self Locking Machine Heads, Chrome",51.69,Tuning Pegs
B0008G26JO,EMINENCE CANNABISREX 12-Inch Lead/Rhythm Guitar Speakers,77.5,Guitar & Bass Amplifiers
B00095VIMU,"Schaller 14010401 Security Straplocks, Black Chrome",17.95,Strap Locks
B000960KNW,"Schaller 14010101 Security Straplocks, Nickel",15.25,Strap Locks
B000978D58,On Stage Stands MS7701B Tripod Boom Microphone Stand,24.95,Mic Stands
B0009DXEEM,Danelectro D-1 Fab Distortion Effects Pedal,14.2,Distortion & Overdrive
B0009EQMZE,Jim Dunlop 202 Dun Bottleneck Slide-Reg Med,3.99,Slides
B0009EQOES,Ernie Ball 4049 Navy Polypro Strap,5.57,Straps
B0009EU01G,"Planet Waves Custom Series XLR  Microphone Cable, 25 feet",23.7,Microphone Cables
B0009FUUO2,DR Strings Pure Blues Pure Nickel Wrap Round Core 10-46,5.65,Electric Guitar Strings
B0009G1E0K,"Protec Guitar Strap with Leather Ends and Pick Pocket, Black",6.46,Straps
B0009G1KEU,Levy's Leathers 2 Jacquard Weave Hootenanny Guitar Strap,16.48,Straps
B0009H00WW,EMINENCE RAGINCAJUN 10-Inch Lead/Rhythm Guitar Speakers,69.95,Guitar & Bass Amplifiers
B0009IEB0I,Audio-Technica Value Microphone Cable - XLRF-XLRM - 10 Foot,11.95,Microphone Cables
B0009K9MUA,Hercules GSP38WB Mountable Acoustic Guitar Wall Hanger with Wood Base and Auto Grip System,18.99,Stands
B0009RHAT8,Ingles Adjustable Violin and Viola Stand,27.99,Stands & Hangers
B0009RLE5Y,On Stage MSA9505 Posi-Lok Telescoping Mini-Boom,18.95,Mic Stands
B000A1HU1G,WUHAN WUCR16MT Crash 16-Inch Medium Thin,53.92,Crash
B000A2HDXA,Hohner Piedmont Blues Harmonica Set,21.38,Harmonicas
B000A2HOB6,"Martin MSP4150 SP Phosphor Bronze Acoustic Guitar Strings, Light-Medium",7.35,Acoustic Guitar Strings
B000A6ASSS,"Elixir Strings Acoustic Phosphor Bronze Strings NANOWEB Coating, 6-String, Light",12.5,Acoustic Guitar Strings
B000A6GTDG,Applause by Ovation AE128-HB Acoustic Electric Guitar,11.44,Acoustic-Electric Guitars
B000A6GY1I,"Elixir Strings Acoustic Phosphor Bronze Strings NANOWEB Coating, 6-String, Medium",12.77,Acoustic Guitar Strings
B000AAGM0M,Korg TM-40 Large Display Digital Tuner and Metronome,26.75,Tuning
B000AC6DVS,Dampit Guitar Humidifier Super,17.99,Guitar & Bass Accessories
B000AKSUP2,No Title,0,Musical Instruments
B000ARH3M6,Hercules GS432B A/G Tri Guitar Stand,76.48,Stands
B000B6DHAS,"Danelectro Honeytone N-10 Guitar Mini Amp, Aqua",18.31,Mini & Headphone Amps
B000B6DHB2,Danelectro N10B Honey Tone Mini Amp in Burgundy,21.36,Combo Amps
B000B6FBA2,"Planet Waves NS Guitar Capo, Black",11.65,Capos
B000BBRZ3S,Korg CA-30 Chromatic Tuner,13.99,Tuners
B000BKY8CU,World Tour Deluxe Padded Keyboard Bench,32.95,Benches
B000BNSYHW,Planet Waves Lemon Oil,4.18,Cleaning & Care
B000BQTCDO,Electro-Harmonix Big Muff Pi Guitar Effects Pedal,79.98,Distortion & Overdrive
B000BU5V58,World Tour WG20D Deluxe 20mm Acoustic Guitar Gig Bag,29.95,Acoustic & Classical Guitar Bags & Cases
B000BUDO48,"World Tour GS1 Folding Tripod Guitar Stand, Black",9.53,Sheet Music Stands
B000BUGNNM,World Tour EG20D Deluxe 20mm Electric Guitar Gig Bag,29.95,Electric Guitar Bags & Cases
B000BW2D84,"Planet Waves Solderless Custom Cable Kit, 10 feet, 10 plugs",39.34,Instrument Cables
B000BWEM42,Hisonic Signature Series 7121 Two Section Folding Music Stand with Carrying Bag,15.99,Sheet Music Stands
B000BYPJ1U,Herco Guitar Humidifier,5.93,Cleaning & Care
B000CBE3G4,Danelectro D-4 Fab Slap Echo Effects Pedal,14.99,Delay & Reverb
B000CBE3GE,Danelectro D-6 Fab Flange Effects Pedal,14.99,"Chorus, Flange & Tremolo"
B000CBXZXG,Planet Waves Fret Polishing System,5.48,Instrument Accessories
B000CCIVCA,Behringer  CT100 Cable Tester,29.99,Instrument Cables
B000CCJP4I,Danelectro D-5 Fab Chorus Effects Pedal,14.99,"Chorus, Flange & Tremolo"
B000CCMWVG,"Guardian CG-020-D Hardshell Case, Dreadnought (Black)",59.99,Acoustic & Classical Guitar Bags & Cases
B000CD1R7K,On Stage FS7850B Guitar Foot Rest,9.89,Footstools
B000CD1R84,OnStage RS7030 Rack Stand,29.95,"Bags, Cases & Covers"
B000CD3QY2,Dunlop 535Q Multi-Wah Crybaby Pedal,134.01,Wah & Filter
B000CDT4VQ,"Guardian CG-020-E Hardshell Case, Electric Guitar",59.99,Electric Guitar Bags & Cases
B000CHJTG2,PYLE-PRO PWMA230 - 200W VHF Wireless Battery Powered PA System,126.97,PA Systems
B000CZ0RHY,Behringer MIC2200 Component Rack,99.99,Mic Preamps
B000CZ0RLK,Behringer C-1 Studio Condenser Microphone,47.0,Multipurpose
B000CZ0RLU,Behringer C-2 Condenser Microphone Cardioid,59.99,Multipurpose
B000E0PPG0,PYLE-PRO PSTND2 - 6.5 ft. Tripod Speaker Stand,34.98,Stage Speaker Stands
B000EE8YPK,Korg CA-40 Large Display Auto Chromatic Tuner,21.99,Tuners
B000EEEYCW,Korg GA-40 Large Display Guitar and Bass Tuner,16.2,Tuners
B000EEGAJW,Fender 351 Classic Celluloid Guitar Picks 144-Pack (1 Gross) - Confetti - Thin,18.2,Picks
B000EEHCUS,"D'Addario EJ41 12-String Phosphor Bronze Acoustic Guitar Strings, Extra Light, 9-45",9.57,Acoustic Guitar Strings
B000EEHD4I,"Dunlop 232 Harris Brass Slide, Large",11.31,Slides
B000EEHDIE,"D'Addario EXL115W Nickel Wound Electric Guitar Strings, Medium/Blues-Jazz Rock, Wound 3rd, 11-49",4.6,Electric Guitar Strings
B000EEHJS8,Gerlitz GNO No.1 Carnauba Guitar Wax,6.46,Cleaning & Care
B000EEHKVY,Hercules GS414B A/G Guitar Stand,34.95,Stands
B000EEHMXA,"D'Addario J74 Mandolin Strings, Phosphor Bronze, Medium, 11-40",5.53,Mandolin Accessories
B000EEHN9S,"Hamilton Encore Orchestra Stand,  Single Pack",29.99,Sheet Music Stands
B000EEJ8IM,DUNLOP 220 Jim Chromed Steel Slide,3.71,Slides
B000EEJAFS,"Dunlop 482R50 .50mm Pitch Black Jazz Guitar Picks, 72-Pack",18.13,Picks
B000EEJAWQ,Jim Dunlop SLS1501N Straplok System-Nickel,8.0,Straps
B000EEJE4K,"Dunlop Shell Plastic Thumb Picks, Large(12 Pack)",10.29,Picks
B000EEJF4O,Gerlitz GGH Guitar Honey Fingerboard Oil,5.57,Cleaning & Care
B000EEJJ5Y,Kyser Short-Cut Capo,13.73,Capos
B000EEJJI6,Kyser Pro/Am Guitar Capo,3.73,Capos
B000EEK4VM,Dunlop BlackStringwinder (100 SI),3.27,Tools
B000EEL50Q,Dr. Duck 2080 Ax Wax Cleaning Kit,5.01,Cleaning & Care
B000EEL6J6,"D'Addario EJ45 Pro-Arte Nylon Classical Guitar Strings, Normal Tension",5.87,Classical Guitar Strings
B000EEL8US,"Dunlop 488R114 1.14mm Tortex Pitch Black Guitar Picks, 72-Pack",18.49,Picks
B000EELB8W,"Dunlop Formula 65 Guitar Polish &amp; Cleaner, 4 Fluid Ounces",5.97,Cleaning & Care
B000EELBQ4,"Neotech 8001002 Mandolin/Ukulele Strap, Black",17.56,Mandolin Accessories
B000EELFI8,Fender 2 Vintage Tweed Strap,10.46,Straps
B000EELFTW,Hohner Harmonica Holder HH01,10.22,Harmonicas
B000EEN9OG,Danelectro D-2 Fab Overdrive Effects Pedal,11.99,Distortion & Overdrive
B000EENH5W,Jim Dunlop 7828 Russell Banjo/Uke Capo,4.57,Ukulele Accessories
B000EPVXWU,Peak Music Stands Portable Music Stand Black,34.95,Sheet Music Stands
B000EXIMFI,On Stage KS7150 Table Top Keyboard Stand,79.95,Stands
B000F3JO7M,The Original Peg Drops by Ardsley - 1/2 Oz.,4.95,Cleaning & Care
B000FIZISQ,Yamaha FG700S Acoustic Guitar,199.99,Steel-string Acoustics
B000FZ1KF4,Guitar Chord Stamp (Large) - 5 Fret,7.95,Guitar & Bass Accessories
B000GUR8V8,On Stage KT7800 Plus Padded Keyboard Bench,36.95,Stands
B000H2BC4E,Behringer PP400 Ultra-Compact Phono Preamp,25.99,Direct Boxes
B000HVXMNE,Lexicon Alpha Desktop Recording Studio,59.95,Audio Interfaces
B000IO8XFM,Electro-Harmonix LPB-1 Linear Power Booster Preamp Pedal,40.3,Distortion & Overdrive
B000J3L02U,Clayton Hula Hottie Guitar Picks 1 Dozen Medium,4.99,Picks
B000J5UEGQ,Behringer XENYX502 5-Channel Mixer,49.99,Mixers
B000J5XS3C,Behringer Xenyx 802 Premium 8-Input 2-Bus Mixer with Xenyx Mic Preamps and British EQs,64.99,Powered Mixers
B000J5Y214,Behringer XENYX 1202FX Premium 12-Input 2-Bus Mixer,109.99,Powered Mixers
B000J5Y282,Behringer XENYX 1202 12-Input Mixer,79.19,Powered Mixers
B000JRPYGE,MXL V67G Large Capsule Condenser Microphone,83.95,Multipurpose
B000K69V5E,Jim Dunlop MC401 MXR Boost/ Line Driver,99.99,Distortion & Overdrive
B000K6B4E0,Clayton Functional Replica Pick Of Destiny 6-Pack Green Medium,5.65,Picks
B000KGYAYQ,Behringer MICROMIX MX400 4-Channel Mixer,24.99,Unpowered
B000KIPD5E,Behringer AB100 Instrument/Amplifier Selector,24.99,Combo Amps
B000KIPT30,Behringer HA400 4-Channel Stereo Headphone Amp,24.99,Signal Processors
B000KIPTE4,Behringer VP1 Authentic Vintage-Style Phase Shifter,24.11,"Chorus, Flange & Tremolo"
B000KIPUQG,Behringer BDI21 V-Tone Bass Amp Modeler,29.99,Preamps
B000KIRT38,Behringer HB01  Guitar Wah Effect Pedal,49.99,Wah & Filter
B000KIRT6A,Behringer EQ700 Ultimate 7-Band Graphic Equalizer,24.99,Equalization
B000KIRT74,Behringer TO800 Vintage Tube-Sound Overdrive Pedal,19.99,Distortion & Overdrive
B000KITQKM,Behringer PB100 Preamplifier/Volume Booster,24.99,Mic Preamps
B000KUCQXY,Behringer MA400 Monitor Headphone Amplifier,26.99,Power Amplifiers
B000KW2YEI,Behringer UCA202 Audio Interface,29.98,Audio Interfaces
B000KY156E,No Title,149.99,Virtual Instruments
B000L3FPUG,"Schaller 14010201 Security Straplocks, Chrome",17.83,Straps
B000L6GD04,Fender Locking Tuners Chrome,46.4,Tuning Pegs
B000L7MNUM,Mighty Bright Duet Music Stand Light,17.19,Stand Lights
B000LAT0AK,Behringer ACX450 Ultracoustic 45-Watt Amplifier,229.99,Beginner Kits
B000LFCXL8,Seiko SQ50-V Quartz Metronome,22.26,Metronomes
B000LPSNRQ,Fender Mini Tone Master,44.95,Mini & Headphone Amps
B000LPUV8K,"Martin Bridge and End Pin Set, Ebony Wood with Pearl Inlay",17.52,Bridge & Bridge Parts
B000LQLDM2,Samson SP01 Spider Shockmount,31.16,Clips & Mounts
B000M23OQ8,Qwik Tune GP1 Guitar Professor Guitar Tuner,11.22,Tuners
B000MFK1ZW,"Evans G2 Tompack, Clear, Fusion (10 inch, 12 inch, 14 inch)",28.82,Tom-Tom Drumheads
B000MFN8B6,Ernie Ball 2225 Extra Slinky Nickel Wound Set (08 -38),3.83,Electric Guitar Strings
B000MO2QJM,Electro-Harmonix Pocket Metal Muff Pedal,54.2,Distortion & Overdrive
B000MVYOZY,Behringer  AT108 15-Watt Acoustic Amplifier,99.99,Acoustical Treatments
B000MWWT6E,Electro Harmonix Metal Muff Distorition with Top Boost Guitar Effects Pedal,90.9,Distortion & Overdrive
B000N4WHYK,Gator GBE-DREAD Acoustic Guitar Bag,24.99,Acoustic & Classical Guitar Bags & Cases
B000N5MK8M,Ebow Electronic Bow for Guitar,93.01,Guitar & Bass Accessories
B000N5YEDG,Nady DKW DUO HT/B/D VHF Dual Receiver Handheld Microphone System,48.42,Microphone Systems
B000NE4UN6,Hercules GSB001 Carry Bag For GS412/414/415,15.49,Stands
B000NGVQKO,"Stainless Steel Finger Picks for Guitar, Banjo, Dobro etc",7.5,Picks
B000NJ2TIE,"Behringer ULTRAVOICE XM1800S Dynamic Cardioid Vocal Microphones, 3-Pack",42.5,Vocal
B000OMG0KI,Planet Waves Humidipak Automatic Humidity Control System (For Guitar),15.2,Cleaning & Care
B000OR2QX8,"D'Addario ECB81 Chromes Bass Guitar Strings, Light, 45-100, Long Scale",24.12,Bass Guitar Strings
B000OR5928,"D'Addario J73 Mandolin Strings, Phosphor Bronze, Light, 10-38",5.63,Mandolin Accessories
B000OR88JE,"D'Addario EJ40 Silk &amp; Steel Folk Guitar Strings, 11-47",9.11,Acoustic Guitar Strings
B000OY4WA6,Roland Cube Monitor / PA,219.0,PA Systems
B000OY4WDI,Boss AC-3 Acoustic Simulator with Reverb Pedal,129.0,Delay & Reverb
B000OY707S,BOSS FS-6 Dual Foot Switch,50.95,Footswitches & Controllers
B000P5LVSK,Jim Dunlop 427P3 Dun Ultex Jazz Iii Ply Pk,3.15,Picks
B000P5NXWM,GraphTech PQ-9110-C0 TUSQ Martin-Style Compensated Acoustic Guitar Saddle,9.14,Saddles
B000P5OUCE,GraphTech PQ-9280-C0 TUSQ Fully Compensated Acoustic Guitar Saddle,8.95,Saddles
B000P5OULA,K&amp;K Pure Mini Acoustic Guitar Pickup,91.0,Pickups & Pickup Covers
B000P5RVRU,Hercules GS301B Travlite Acoustic Guitar Stand,23.79,Stands
B000PAPO9W,Behringer UCG102 Guitar-to-USB Interface,39.99,Audio Interfaces
B000PO30QM,Hosa 25FT Guitar Cable Rt Angl To Straight,15.32,Instrument Cables
B000PR3JEM,Grover 135N Guitar Tuner,34.95,Tuners
B000Q87DAQ,"Lee Oskar Harmonica, Key of C, Major Diatonic",37.99,Harmonicas
B000QGCJU2,Nady MSC3 Center Stage Microphone with On/Off Switch and Stand - Frustration Free Packaging,24.99,Vocal
B000RKAFIU,GLS Audio 25ft Mic Cable Patch Cords - XLR Male to XLR Female Black Microphone Cables - 25' Balanced Mike Snake Cord - 10 PACK,99.99,Microphone Cables
B000RKL8R2,GLS Audio 25ft Mic Cable Cords - XLR Male to XLR Female Colored Cables - 25' Balanced Mike Cord - 6 PACK,69.99,Microphone Cables
B000RKVH0K,GLS Audio Vocal Microphone ES-58-S &amp; Mic Clip - Professional Series ES58-S Dynamic Cardioid Mike Unidirectional (With On/Off Switch),29.99,Vocal
B000RMQM4E,GLS Audio 50ft Mic Cable Patch Cords - XLR Male to XLR Female Black Microphone Cables - 50' Balanced Mike Snake Cord - 2 PACK,39.99,Microphone Cables
B000RN53LQ,Line 6 Pocket POD,119.99,Multieffects
B000RNB720,Visual Sound One Spot Combo Pack,28.35,Guitar & Bass Accessories
B000RPUMII,Behringer UV300 Classic Vibrato Effects,24.99,"Chorus, Flange & Tremolo"
B000RVWY42,Behringer  FX600 Digital Stereo Multi-Effects,39.99,Multieffects Processors
B000RVYPQ2,Behringer CO600 Chorus Orchestra Pedal,24.99,"Chorus, Flange & Tremolo"
B000RW0GT6,Seagull S6 Original Acoustic Guitar,415.95,Steel-string Acoustics
B000RW0O02,Boss GE-7 7-Band EQ Pedal,109.0,Equalization
B000RW2DUQ,Behringer UM300 Heavy Metal Distortion Pedal,24.99,Distortion & Overdrive
B000RWJQRE,GLS Audio 3ft Patch Cable Cords - XLR Male To XLR Female Color Cables - 3' Balanced Snake Cord - 6 PACK,33.99,Microphone Cables
B000RXN6SS,OnStage 7121B Heavy Duty Guitar Stand,18.99,Stands
B000RXPN02,Ernie Ball 4220 Polish Cloth,2.33,Cleaning & Care
B000RY68PA,GLS Audio 6ft Patch Cable Cords - XLR Male To XLR Female Color Cables - 6' Balanced Snake Cord - 6 PACK,39.99,Microphone Cables
B000RYE5Y6,GLS Audio 12feet Mic Cable Patch Cords - XLR Male to XLR Female Black Cables - 12 feet Balanced Mike Snake Cord - SINGLE,13.99,Recording Snakes
B000RYPN38,GLS Audio 6ft Patch Cable Cords - 1/4&quot; TRS To 1/4&quot; TRS Color Cables - 6' Balanced Snake Cord - 6 PACK,35.99,Recording Snakes
B000S5V510,Fulltone Fulldrive2 MOSFET,119.2,Distortion & Overdrive
B000SAC5PA,Stagg STB-10W  Acoustic Guitar Bag,32.63,Acoustic & Classical Guitar Bags & Cases
B000SJJCX4,Behringer TU300 Chromatic Tuner,24.99,Tuners
B000SL0NCQ,Pyle-Pro PPMJL15 15ft. Professional Microphone Cable 1/4'' Male to XLR Female,9.65,Microphone Cables
B000SZVYLQ,Pacific Drums by DW 400 Series Double Pedal PDDP402,109.99,Bass Drum Pedals
B000T4PJC6,Ibanez TS9 Tube Screamer - Classic,99.99,Distortion & Overdrive
B000T4SI1K,Ibanez TS808 Tube Screamer,179.99,Distortion & Overdrive
B000T517Y4,Electro-Harmonix Little Big Muff Distortion Pedal,71.75,Distortion & Overdrive
B000T9NKEU,Behringer  SM200 Classic Attack Effects,24.99,Distortion & Overdrive
B000T9PE9E,Behringer SF300  Guitar Distortion Effect Pedal,24.99,Distortion & Overdrive
B000TGHVGQ,Vox V847A Wah Pedal,89.99,Wah & Filter
B000TGSM6E,Planet Waves Gel Guitar Strap Shoulder Pad,12.08,Straps
B000U0DU34,Fulltone OCD Obsessive Compulsive Drive Pedal,127.2,Distortion & Overdrive
B000UF3SEA,Behringer DC9 Dynamics Compressor Pedal,34.95,Compression
B000UJCTVE,"Dunlop Standard Tortex Picks, 72 Pack, Yellow, .73mm",15.94,Picks
B000UJFR4A,Jim Dunlop 210 Dunlop Bottleneck Slide Med,3.71,Slides
B000UJHHLQ,Jim Dunlop 213 Dun Btlnk Slide Hvy Large,5.57,Slides
B000ULAP4U,Audio-Technica ATH-M50 Professional Studio Monitor Headphones with Coiled Cable,119.0,DJ Headphones
B000UMFQHA,JJ Electronics T-12AT7-JJ Vacuum Tube ECC81 Electric Guitar Power Amplifier,9.95,Tubes
B000V4YFLA,MXR M115 Distortion III Guitar Effects Pedal,79.0,Distortion & Overdrive
B000V8GA46,Tascam PSP520 AC  Adapter/Power Supply For Mpgt1,23.99,Effects Processors
B000VBC5CY,Behringer PB1000 Universal Effects Pedal Floorboard,129.99,Electric Guitar Effects
B000VBH2IG,Zoom H2 Handy Portable Stereo Recorder,159.99,Portable Recorders
B000VJ2VCK,Yamaha PKBB1 Keyboard Bench,36.95,Benches
B000VJJQUU,"CBI MLC20 Low Z XLR Microphone Cable, 20 Foot",5.26,Microphone Cables
B000VJZOLK,Line 6 Spider Jam Guitar Amplifier,399.99,Combo Amps
B000VOBU9U,Fender Starcaster 15 Watt Electric Guitar Amplifier,7.99,Combo Amps
B000VTPQWW,Fender Deluxe Strat/Tele Gig Bag,56.05,Electric Guitar Bags & Cases
B000VTPR08,Fender Gig Bag - Deluxe Dreadnought Acoustic Guitar,74.99,Acoustic & Classical Guitar Bags & Cases
B000VUNEZM,AXL PG-515 Padded Guitar Strap,7.73,Straps
B000VZYS66,Behringer TM300 Tube Amp Modeling Effects,24.99,Combo Amps
B000W00X1Y,Behringer VT999 Classic Vacuum Tube Overdrive,49.99,Distortion & Overdrive
B000WF1AMU,Fender Standard Electric Guitar Gig Bag for Stratocaster/Telecaster,42.38,Electric Guitar Bags & Cases
B000WGJ71U,Korg CM-100L Clip On Contact Microphone For Tuners,13.86,Tuners
B000WN4J9S,Fender F Neckplate Chrome,10.78,Instrument Accessories
B000WS1QC6,Yamaha PA130 120 Volt Keyboard AC Power Adaptor,2.85,Power Supplies
B000WYCS7M,"Clayton Friday the 13th Picks 6-Pack, White Medium",3.92,Picks
B000X31R2E,Dunlop Strap Button - Single,1.24,Hardware
B000XPO0IU,"Levy's Leathers 2&quot; Cotton Guitar Strap, Black",23.72,Straps
B000XPPR2S,"Levy's Leathers M4GF-DBR 3-inch Garment Leather with Thong,Dark Brown",37.49,Straps
B000XPPURU,"Levy's Leathers MS26-BLK 2.5-inch Suede-Leather Strap,Black",33.95,Straps
B000XPQ1YG,"Levy's Leathers Sig Series Nylon Strap,Tan",22.15,Straps
B000XPRQIG,"Levy's Leathers MS12-CPR 2-inch Suede-Leather Strap,Copper",37.95,Straps
B000XPRSTI,"Levy's Leathers MSS1-NAT Veg Tan Leather Guitar Strap,Natural",74.76,Straps
B000XUUXB8,Nady SMPS-1X 1-Channel 48V Phantom Power Supply for SCM Series Microphones,16.99,Phantom Power Supplies
B000XXBHA6,Visual Sound One Spot Multi Plug 8 Cable,10.91,Instrument Cables
B000Y30NAA,Behringer UC200  Guitar Chorus Effect Pedal,24.99,"Chorus, Flange & Tremolo"
B000Y35C8S,Behringer DD400  Guitar Delay Effect Pedal,39.99,Delay & Reverb
B000Y60NFC,Pedaltrain Pro With Soft Case,149.95,Electric Guitar Effects
B000Y7Q2C4,Planet Waves NS Capo Pro Silver,14.35,Capos
B000ZJTPLG,Vox amPlug Classic Rock Guitar Headphone Amp,30.0,Combo Amps
B0010CAEFS,HOSA GTR-518R 18 Foot Traditional Guitar Cable with Tweed Jacket,12.58,Instrument Cables
B0010CHS8E,"Mogami Gold Instrument 10 Guitar/Instrument Cable, Straight Ends, 10 feet",49.95,Instrument Cables
B0010CZ8GS,Hosa Cable CPE106 Guitar Patch Cable with Right Angle Ends - 6 inches,0.59,Instrument Cables
B0010GNU9Q,On Stage KSA7575 Universal Keyboard Stand Microphone Attachment Bar,31.6,Stands
B0010KCP98,Pyle Pro PTA1400 1400 Watt Professional Power Amplifier,115.9,Power Amplifiers
B0010SHU18,Planet Waves Screeching Halt Acoustic Soundhole Cover,4.6,Instrument Accessories
B0011WHG5S,Behringer PH9 Classic 90 Phase Shifter,24.99,"Chorus, Flange & Tremolo"
B00135HFK4,GHS Strings GB-DGF Nickel Plated Electric Guitar Strings,4.45,Electric Guitar Strings
B0013PU75Y,"D'Addario EJ46-3D Pro-Arte Nylon Classical Guitar Strings, Hard Tension, 3 Sets",17.38,Classical Guitar Strings
B0013V1BYY,On Stage MS7700B Tripod Microphone Stand,18.99,Mic Stands
B0014IEBM0,M-Audio BX5a Deluxe 70-watt Bi-amplified Studio Reference Monitors,149.99,Studio Monitors
B00154OJOI,Dava 6024 Grip Tip,6.99,Pick Holders
B0015RIN6U,Korg Pitchblack Chromatic Tuner,69.64,Acoustic & Classical Guitar Parts
B0016MJ1T2,Behringer US600 Ultra Shifter/Harmonist Ultimate Pitch Shifter / Harmonist Effects Pedal,49.99,Single Effects
B0016ML1C2,Behringer VD400 Vintage Analog Delay Effects,24.99,Delay & Reverb
B0016ZZKJO,MXR M169 Carbon Copy Analog Delay,149.0,Delay & Reverb
B00178JDCK,Behringer RV600 Reverb Machine Ultimate Reverb Modeling Effects Pedal,49.99,Delay & Reverb
B00178LDW8,Behringer EM600 Echo Machine Ultimate Echo Modeling Effects Pedal,49.99,Delay & Reverb
B0017HZ47Y,Kala UB-T Tenor Ukulele Bag,18.9,Ukulele Accessories
B00186L9X2,Boss DD-7 Digital Delay Pedal,169.0,Delay & Reverb
B0018L46WS,CBI Instrument Cable - 15 Foot,11.95,Instrument Cables
B0018PZR86,Hennessey 7200 Guitar Strap Locks - Gold,12.95,Strap Locks
B0018SJLFS,Tungsol 12AX7 Tube,11.2,Tubes
B0018TAITA,Musician's Gear Die-Cast Mic Stand Black,15.99,Mic Stands
B0018TC3I4,On Stage GS7355 Triple Hang It Guitar Stand,27.95,Multiple-Guitar Stands
B0018TG8HQ,Musician's Gear Deluxe Amp Stand Black,19.99,Stands
B0018TIAA4,On Stage DT8500 Guitar/Keyboard Throne,89.95,Thrones
B0018TIADQ,Musician's Gear Tubular Guitar Stand Black,9.99,Electric Guitar Stands
B0018TIAL8,Up-Stage Clip-On Music Stand,7.99,Sheet Music Stands
B00191WVF6,Planet Waves 9V Power Adapter,7.71,Power Supplies
B0019H6750,Ernie Ball PowerPeg Motorized Peg Winder,19.4,String Winders
B0019QJW2G,Ernie Ball 4600 Nickel Super Locks,17.43,Strap Locks
B001AH83UG,Mighty Bright 51810 Duet2 Music Light,21.99,Sheet Music Stands
B001AS6OYC,Audio-Technica AT2020 USB Condenser USB Microphone,129.0,Vocal
B001BY4RQM,"PureSound Blaster Series Snare Wire, 20 Strand, 14 Inch",13.95,Snare Drums
B001C74GLY,Fender Standard Guitar Neck Plate,10.06,Pickups & Pickup Covers
B001C9R5P6,Orange Amplifiers Micro Crush PiX 3 Watt 9-Volt Mini Amp,69.0,Combo Amps
B001CJ2QZU,DigiTech CM-2 HardWire Tube-Overdrive Extreme-Performance Pedal,99.95,Distortion & Overdrive
B001D2TPZU,On Stage MSA5050 Clamp on Cup Holder,12.97,Mic Stands
B001DW6RJC,Guitar Wheel Music Theory Educational Tool,13.16,General Accessories
B001E3BSKS,Seiko Sat800 Durable Style Chromatic Tuner,19.69,Tuners
B001E3SFKO,Musician's Gear Double Pop Filter 6&quot;,18.95,Windsreens & Pop Filters
B001E43SK0,Chauvet DJ Bank,69.99,Stage Lights
B001EC5ECW,Fender 007-1359-000 2-Button Footswitch: Channel Select/Effects On/Off,13.71,Guitar & Bass Amplifiers
B001EL6I8W,Lanikai LU-21 Soprano Ukulele,91.99,Ukuleles
B001ELP5WM,On Stage KSP100 Universal Sustain Pedal,21.0,Pedals & Footswitches
B001EW5YQS,Blue Microphones Icicle XLR to USB Mic Converter/Mic Preamp,44.99,Condenser Microphones
B001EZIEVW,On Stage GBA4550 Acoustic Guitar Gig Bag,18.99,Acoustic & Classical Guitar Bags & Cases
B001FB5Z44,Carrion C-1501 Fretted Dreadnought Guitar Case,74.99,Acoustic & Classical Guitar Bags & Cases
B001FB5Z8K,Shubb C1 Acoustic Guitar Capo in Nickel,17.95,Capos
B001FQ74FW,Ernie Ball 6102 Amp Caster Set Deluxe Pop-in Socket,22.27,Amplifier Accessories
B001FSZR4U,The String Cleaner by ToneGear,9.99,Instrument Accessories
B001G3TJXO,Pedaltrain 2 Pedalboard With Soft Case,119.95,Electric Guitar Effects
B001GD07SK,Behringer DR600 DIGITAL REVERB Digital Stereo Reverb Effects Pedal,38.48,Delay & Reverb
B001GGYF4E,Vox AmPlug Lead Guitar Headphone Amp,41.97,Electric Guitar Amplifiers
B001GH4H3W,Vox AmPlug Bass Guitar Headphone Amp,48.0,Mini & Headphone Amps
B001GWCC4I,On Stage CM01 Video Camera/Digital Recorder Adapter,9.95,Mic Stands
B001HNE622,Everly 30023 Star Pik 12-pack .73mm Yellow,3.71,Picks
B001I1PWTY,Jim Dunlop NC65  Formula 65 Neck Cradle Maintenance Station,25.64,Saddles
B001I8ITQA,&quot;Shaky Jimi&quot; Vibe,62.9,Single Effects
B001IM5KFY,"Gator Speaker Stand Bag to carry 2 speaker stands, GPA-SPKSTDBG-50",19.99,Stage Speaker Stands
B001J1JRN0,Fender Vibro Champ XD Electric Guitar Amplifier,379.99,Tubes
B001J1SX94,Whirlwind MIC3 XLR Female to XLR Male Microphone Cable,7.85,Microphone Cables
B001J5RYXQ,"Squier by Fender Bullet Strat with Tremolo, Rosewood Fretboard - Black",129.99,Solid Body
B001JI2KHS,Your Cable Store XLR 3 Pin Microphone Cable (6 feet),6.99,Microphone Cables
B001KD2CPC,Fender Accessories 099-6101-506  Electric Guitar Molded Case,119.99,Electric Guitar Bags & Cases
B001KXKGBY,Fender Tremolo Arm for Mexican Standard Strat,9.59,Bridges & Bridge Parts
B001L8IJ0I,Fender Frontman 212R 100-Watt 2x12-Inch Guitar Combo Amp - Black,299.99,Combo Amps
B001L8IKLG,Fender American Series Stratocaster Guitar Tuners with Gold Hardware Set of 6 Gold,75.99,Tuning Pegs
B001L8KE06,Fender Super Champ XD Electric Guitar Amplifier,17.52,Combo Amps
B001L8MDMS,Fender Accessories 099-1322-000 3-Ply Black (B/W/B) Stratocaster Backplate,8.23,Bridges & Bridge Parts
B001L8NGJ2,Fender 1-Button FootSwitch (099-4049-000),13.54,Footswitches & Controllers
B001L8PIFW,Fender Frontman 10G Electric Guitar Amplifier,59.99,Amplifiers
B001LJUVO4,HDE USB MIDI Cable Converter PC to Music Keyboard,4.38,MIDI Cables
B001LNN30E,Cordoba C5 Acoustic Nylon String Classical Guitar with Gig Bag,349.99,Classical & Nylon-String Guitars
B001M59AS0,Legacy Pearloid Guitar Picks - 60 Assorted (.46MM - 1.5MM),12.99,Picks
B001MMYVZU,Martin Guitar Leather Strap Button,10.0,Straps
B001MSS6CS,"Syba SD-CM-UAUD USB Stereo Audio Adapter, C-Media Chipset, RoHS",8.45,Audio Interfaces
B001NXDSK2,Electro-Harmonix Big Muff Pi with Tone Wicker,90.9,Distortion & Overdrive
B001OLW0J8,Fender Accessories 099-0502-000 Guitar Tools,32.89,Tools
B001OLZYUU,Fender Treated Polish Cloth,3.85,Cleaning & Care
B001PGXHW6,"Planet Waves Woodstock Assorted Guitar Picks, 10 pack, Light",4.0,Picks
B001PGXHX0,"Planet Waves Assorted Pearl Celluloid Guitar Picks, 10 pack, Light",4.29,Picks
B001PGXHYO,"Planet Waves Black Pearl Celluloid Guitar Picks, 10 pack, Light",1.5,Picks
B001PGXIHK,"Planet Waves Black Ice Guitar Picks, 10 pack, Light",3.99,Picks
B001PGXJGU,"Planet Waves Delflex Guitar Picks, Medium/Heavy, 100 pack",39.26,Picks
B001PGXKC8,"Planet Waves Classic Series Instrument Cable with Right Angle Plug, 0.5 feet (3-pack)",10.02,Instrument Cables
B001Q8DJO4,"Martin M170 80/20 Acoustic Guitar Strings, Extra Light 3 Pack",8.7,Acoustic Guitar Strings
B001QJGYIG,Dava Jazz Grips Pick 6-Pack 9024 Red,5.57,Picks
B001QWBM62,Zoom H4N Handy Portable Digital Recorder,229.99,Portable Recorders
B001R2LQWQ,Boss ME-70 Guitar Multi-Effects Pedal,19.44,Floor Multieffects
B001R76D42,Samson Go Mic Portable USB Condenser Microphone,39.0,Multipurpose
B001REJX1U,Nady SSPF-4 Spider Shockmount with Integrated Pop Filter,21.62,Windsreens & Pop Filters
B001RMFSDE,Musician's Gear Tripod Mic Stand with Fixed Boom Black,23.27,Mic Stands
B001RNH8YA,"Spectraflex Original Series Instrument Cable, 6 Foot, Black",24.73,Instrument Cables
B001RNHE30,"Spectraflex Fatso Flex Right Angle Instrument Cable, 10 Foot, Black",45.62,Instrument Cables
B001RNOHHG,Pedaltrain MINI With Soft Case,69.95,Electric Guitar Effects
B001SC4I16,Mahalo U-30RD Painted Economy Soprano Ukulele (Red),29.13,Ukuleles
B001U5PCFM,DigiTech RP255 Modeling Guitar Processor and USB Recording Interface,99.95,Floor Multieffects
B001UJEKZ6,Monoprice 6ft Premier Series XLR Male to 1/4inch TRS Male 16AWG Cable (Gold Plated),5.77,Microphone Cables
B001UYKGUE,Stagg MUS-ARM 1 Attacheable Small Music Stand,16.28,Sheet Music Stands
B001V5K2S8,Lanikai Soprano Ukulele Gig Bag,16.0,Ukulele Accessories
B001W99HE8,"GLS Audio Instrument Microphone ES-57 &amp; Mic Clip - Professional Series ES57 Dynamic Cardioid Mike Unidirectional - For Instruments, Drums, Percussion, Vocals, and more",35.99,Instrument
B001XJBWXG,Korg AW2G Clip-on Chromatic Guitar Tuner,11.21,Tuners
B002024UDE,"Mendini 1/2 MV300 Solid Wood Satin Antique Violin with Hard Case, Shoulder Rest, Bow, Rosin and Extra Strings",64.99,Acoustic Violins
B0023BYDHK,Behringer UCA222 U-Control Ultra-Low Latency 2 In/2 Out USB Audio Interface with Digital Output And Downloadable Software Bundle,29.99,Audio Interfaces
B002433RXI,"Mighty Mite MM5610C Traditional Style Chrome Guitar Strap Buttons, 2-Pack",5.02,Straps
B0025PM6DM,Fender Pickup/Switch Screws (12),4.67,Pickups & Pickup Covers
B0025V1REU,DigiTech RP55 Guitar Multi-Effects Processor,49.95,Floor Multieffects
B00267OCTA,Musician's Gear A-Frame Acoustic Guitar Stand Black,9.99,Multiple-Guitar Stands
B0026KEGLQ,Your Cable Store 10 Foot XLR 3 Pin Microphone Cable,7.09,Microphone Cables
B0026RB0G8,"Live For Music, Acoustic Guitar Capo",2.38,Capos
B0027842S4,Musician's Gear Deluxe Conductor Music Stand,26.99,Sheet Music Stands
B0027M30Z6,"Danelectro Honeytone N-10 Guitar Mini Amp, Black",18.55,Mini & Headphone Amps
B0027V760M,Pyle-Pro PDC21 1/4'' Instrument To Balanced &amp; Unbalanced (1/4''/XLR) Direct Box,13.94,Direct Boxes
B002AQNGIU,Fender Straplock W/ Button,9.11,Strap Locks
B002B8EWVW,Behringer VM1 Vintage Time Machine Vintage Analog Delay/Echo/Chorus/Vibrato Pedal,49.99,Delay & Reverb
B002C4SM5W,Alesis DM6 USB Kit Five-Piece Electronic Drum Set,459.69,Drum Sets
B002C741B8,AXL Acoustic Guitar Transducer Pickup with 1/4 Jack and 9 Foot Cable,10.49,Pickups & Pickup Covers
B002C741BI,AXL Acoustic Guitar Transducer Pickup with Endpin Jack,13.99,Pickups & Pickup Covers
B002CMLPYY,Taylor Guitars Chocolate Suede Logo Guitar Strap,39.99,Straps
B002DC8OE2,"Martin FX130 Silk &amp; Phosphor Acoustic Guitar Stings, Custom Light",4.39,Acoustic Guitar Strings
B002DYJEMQ,"Planet Waves Beatles Guitar Picks, Meet The Beatles, 10 pack, Heavy",4.73,Picks
B002EWV8IU,Behringer NR300 Noise Reducer Ultimate Noise Reduction Effects Pedal,24.99,Noise Gates
B002EWV8NA,Behringer PB600 Guitar Floor Multi-Effects Pedal Board,99.99,Floor Multieffects
B002G1UT5C,"Planet Waves Thumb Picks, Large, 5 Pack",4.98,Picks
B002GHBZ4U,Bugera V5 5-Watt Class-A Valve Amplifier Combo with Reverb And Power Attenuator,195.0,Combo Amps
B002GYWBIM,Line 6 Spider IV 15 15-watt 1x8 Modeling Guitar Amplifier,99.99,Combo Amps
B002GYWBJ6,Line 6 Spider IV 75 75-watt 1x12 Modeling Guitar Amplifier,299.0,Combo Amps
B002GYWBKU,Line 6 FBV Express MkII 4-button Foot Controller,99.99,Footswitches & Controllers
B002HFC6P8,Fender Guitar Jack Plate Gold,9.05,Hardware
B002HJ61PK,Audio-Technica ATR-1100 Unidirectional Dynamic Vocal/Instrument Microphone,13.68,Handheld Microphones
B002HPMTZU,Korg GA1 Guitar and Bass Tuner,14.03,Tuners
B002IC1D5E,"Guardian Electric  Guitar Stand (A-Shape, Black)",15.99,Electric Guitar Stands
B002IJK0H4,"Dunlop 433P73 .73mm Ultex Sharp Guitar Picks, 6-Pack",2.74,Picks
B002KDHBRU,Intellitouch PT10 Mini Clip-On Tuner,19.56,Tuners
B002M8EEW8,Akai Professional LPD8 Ultra-Portable USB Pad Controller for Laptops,65.48,MIDI Controllers
B002M8GBDI,Akai Professional LPK25 25-Key Ultra-Portable USB MIDI Keyboard Controller for Laptops,69.0,MIDI Controllers
B002MWKOAA,2 Buttons Only for Dunlop Strap Locks Nickel Allparts AP-6582-001,6.99,Straps
B002N4GBLI,Zoom G1N Guitar Multi Effects Pedal,59.99,Floor Multieffects
B002NG7DEK,"Fender Plain Leather Guitar Strap With Fender Logo, Black",11.57,Straps
B002PAW6EG,Pyle-Pro PMKS8 U-Base Gooseneck Desktop Microphone Stand,11.08,Mic Stands
B002PMHAVS,Korg CA1 Chromatic Tuner,11.29,Tuners
B002Q0WSO8,Intelli IMT500 Clip-on Chromatic Digital Tuner for Strings,15.99,Tuners
B002Q0WT6U,"Jade L'Opera JADE Rosin for Violin, Viola, and Cello",10.21,Violin
B002QJVTNA,Everest Violin Shoulder Rest 4/4 And 3/4,12.88,Violin
B002QKRUJG,MXR M116 Fullbore Metal Distortion Pedal,99.0,Distortion & Overdrive
B002QQC1ZI,Tascam US-100 USB 2.0 Audio Interface,64.99,Audio Interfaces
B002R2IUEW,National Finger Pick &amp; Thumb Pick Set - Black - Medium + Ant Hill Music Pick,10.99,Picks
B002RLLD88,On Stage DA100 Drum Stick Holder,14.95,Stick & Mallet Bags & Cases
B002T45X1G,Audio-Technica AT2035 Large Diaphragm Studio Condenser Microphone,149.0,Condenser Microphones
B002UXS4JO,Xotic EP Booster Mini EQ Effect Pedal,116.0,Signal Path & Pedal Tuners
B002VA464S,Blue Microphones Yeti USB Microphone - Silver,106.0,Multipurpose
B002X8Y4SQ,Behringer CS400 Compressor Sustainer Ultimate Dynamics Effects Pedal,24.99,Compression
B002Z9JWZ8,Shure HPAEC240 Replacement Ear Cushions For SRH240 Headphones,6.95,Headphone & In-Ear Audio Monitors
B002ZH9JQC,BOSS ROLAND COMPACT PEDAL TUNER - TU3,95.0,Signal Path & Pedal Tuners
B00315D0E4,CruzTools String Cutter,11.95,Cleaning & Care
B0033P1O6S,5-String Banjo 24 Bracket with Closed Solid Back and Geared 5th Tuner By Jameson Guitars,134.77,Banjos
B0033PSGSW,TC Electronic PolyTune Poly-Chromatic Tru-Bypass Pedal Tuner,99.0,Signal Path & Pedal Tuners
B0033PSLSM,Planet Waves Tru-Strobe Pedal Tuner w/ True Bypass,59.99,Tuners
B00352MHGA,Mackie PROFX8 8-Channel Compact Effects Mixer with USB,229.99,Unpowered
B0035LCFRW,On Stage RS7500 Tiltback Amplifier Stand,29.95,Stands
B00378GEAM,Behringer EUROLIVE B205D Active 150-Watt PA/Monitor Speaker System,199.99,PA Systems
B0037GXRHM,Pyle-Pro PSTK103 Heavy-Duty Aluminum Anodizing Dual Speaker Stand with Traveling Bag Kit,66.7,Stage Speaker Stands
B0037M4CPM,"Planet Waves Basic Classic Leather Guitar Strap, Brown",11.1,Straps
B0037M62AK,"Planet Waves Woven Guitar Strap, Hootenanny 2",7.15,Straps
B0037M62JQ,"Planet Waves Cotton Guitar Strap, Black",10.01,Straps
B0037M62KA,"Planet Waves Classic Leather Guitar Strap, Black",10.53,Straps
B0037M62M8,"Planet Waves Embossed Leather Guitar Strap, Black",19.37,Straps
B0037MA77E,"Planet Waves Basic Classic Leather Guitar Strap, White",11.23,Straps
B0037MC786,Planet Waves PW-CGTPRA-01 1 ft / 1/4-Inch Right Angle Instrument Cable,8.63,Instrument Cables
B0037ME50Y,Planet Waves PW-CGTPRA-03  1/4-Inch Right Angle Instrument Cable (3 feet),8.91,Instrument Cables
B00389KMQM,Fender 9050L Stainless Steel Flatwound Long Scale Electric Bass Guitar Strings - Light,19.06,Bass Guitar Strings
B0038MTH8S,VOX AC15C1 Guitar Combo Amplifier,599.0,Combo Amps
B0038O9NLM,"Planet Waves Planet Lock Leather Guitar Strap, Black",28.25,Straps
B0039HBNMA,Fender 3150R Original Bullets Pure Nickel Bullet End Electric Guitar Strings - Regular,5.19,Electric Guitar Strings
B003AAEGZ2,"DigiTech JamManSolo Guitar Looper Pedal, Blue",199.95,Electric Guitar Effects
B003AJMPW4,"Planet Waves Beatles Signature Guitar Pick Tins, Stripes",7.03,Picks
B003AM913C,Line 6 Relay G30 Wireless Guitar System,199.0,Electric Guitar Effects
B003AYC1SM,MXR Custom Shop CSP202 Custom Comp Compressor Guitar Effects Pedal,139.0,Compression
B003AYEAHC,Dunlop M148 MXR Micro Chorus,85.49,"Chorus, Flange & Tremolo"
B003AYJU5O,Jim Dunlop DVP1 Dun Grip Rubber Tread Vol Peda,99.0,Wah & Filter
B003AYK8XW,Fender 1/4&quot; Output Jack,5.59,Hardware
B003AYNFRS,MXR M152 Micro Flanger Guitar Effects Pedal,89.99,"Chorus, Flange & Tremolo"
B003AYNHGW,Fender Vintage Tremolo Tension Springs Set of 5,6.28,Bridge & Bridge Parts
B003AYPT8G,Fender 007-1014-000 Vintage-Style Standard Series Stratocaster Tremolo Assembly ('06-Present) - Chrome,18.4,Pickups & Pickup Covers
B003AYRBWI,Fender Strat Mexi Tremolo Bridge Assembly Chrome,18.99,Bridges & Bridge Parts
B003B01QL8,Fender 3250H Super Bullets Nickel Plated Steel Bullet End Electric Guitar Strings - Heavy,5.3,Electric Guitar Strings
B003B01QR2,"Dunlop 449P060 .60mm Max-Grip Nylon Standard Guitar Picks, 12-Pack",3.71,Picks
B003B0I09Y,"Mighty Bright Orchestra Light, with Adapter and Bag",59.99,Stand Lights
B003BFYDBS,Fender F' Straplock - Chrome,10.7,Straps
B003BGO2OK,Jim Dunlop 114SI Dun Roadpro Gtr Strg Winder,4.27,Capos
B003CLIPHO,Samson MK-10 Microphone Boom Stand,34.99,Mic Stands
B003D3OCD2,ZT Lunchbox 200-watt 1x6.5 Guitar Combo Amplifier,299.99,Combo Amps
B003DVGVIS,"Dunlop 471P3C Max Grip Jazz III Carbon Fiber Guitar Picks, 6-Pack",5.99,Picks
B003FO6E6M,JJ Electronics T-EL84-JJ Vacuum Tube EL84/6BQ5 Power Amplifier,10.87,Power Amps
B003FVB7XA,Yamaha YPG-235 76-key Portable Grand Graded-Action USB Keyboard,249.99,Portable Keyboards
B003FW0IHA,Pyle-Pro PDKM7 7 Microphone Wired Drum Kit with Mounting Accesories,131.95,Instrument
B003GEBGA0,Pyle-Pro PDMIC58 Professional Moving Coil Dynamic Handheld Microphone,15.1,Instrument
B003HGFRO8,Graph Tech TUSQ XL 1/4&quot; Epiphone Slotted Nut,8.79,Nuts
B003JJQMD8,GLS Audio 25 foot Mic Cable Patch Cords - XLR Male to XLR Female Black Microphone Cables - 25' Balanced Mic Snake Cord - Single,14.99,Microphone Cables
B003K16N0C,"Hohner 1501/7 Blues Band, 7-Pack",25.74,Harmonicas
B003KJ0ZD0,DiMarzio Copper Shielding Tape 24&quot;&quot;x3-1/2&quot;&quot;,9.95,Pickups & Pickup Covers
B003KQY8DQ,Hard Felt Picks For Bass Guitar Ukulele And More 3 Pack,0.93,Picks
B003LTJ404,Musician's Gear Heavy-Duty Folding Music Stand Black,19.99,Sheet Music Stands
B003LZ2IT2,On Stage ASFSS6 GB Dual Screen Pop Filter,18.0,Windsreens & Pop Filters
B003NJF1G8,Aquila Soprano Regular Uke Strings,7.97,Ukulele Accessories
B003OG9NH8,BIYANG'S &quot;BABY BOOM&quot; RV-10 TRI-REVERB,51.0,Delay & Reverb
B003OUX8ZM,Line 6 POD HD 500,449.99,Multieffects
B003PC2XQE,GLS Audio 25ft Mic Cable Cords - XLR Female to 1/4&quot; TS Black Cables - 25' Mono Mike Snake Cord,14.99,Microphone Cables
B003QTM9O2,"Instrument Stand for Violin, Ukulele and Other Small Instruments",15.99,Ukulele Accessories
B003S3S0DU,Fishman Loudbox Mini Acoustic Instrument Amplifier,329.0,Amplifiers
B003SZDFM4,"Planet Waves O-Port Sound Enhancement for Acoustic Guitar, Small, Black",15.51,Pickups & Pickup Covers
B003U3LUOY,OP/TECH USA Work Mat - Large,9.25,Cleaning & Care
B003VWJ2K8,Snark SN1 Guitar Tuner,11.21,Tuners
B003VWKPHC,Snark SN2 Guitar Tuner,12.99,Tuners
B003VYBD58,Hamilton Nu-Era Tabletop Mic Stand,8.33,Mic Stands
B003VYBNLW,Rotosound Curly Instrument Cable Right Angled Jack,10.0,Instrument Cables
B003W47NII,"Amplitube iRig from IK Multimedia for iPod touch, iPhone, and iPad",33.95,Computer Recording
B003WZ6VVM,Peterson SC-1 Strobo Series StroboClip Guitar Tuner,69.0,Tuners
B003XDUAOM,MXL Studio 24 USB Microphone,140.0,Multipurpose
B003Y3ASW0,T-Rex Engineering Fuel Tank Chameleon Pedal Power Supply,149.0,Signal Path & Pedal Tuners
B003YVRGN6,Full Size Thinline Black Acoustic Electric Guitar with Free Gig Bag Case &amp; Picks,77.97,Acoustic-Electric Guitars
B0040O49OU,Kala K-STP-BK Black Ukulele Strap,11.99,Ukulele Accessories
B0040ZBI52,Danelectro D-8 Fab 600Ms Delay,19.95,Delay & Reverb
B0041T53KI,Martin SP 7100 Phosphor Bronze Lifespan Coated Acoustic Strings Light,11.99,Acoustic Guitar Strings
B0042EZH6W,Fender Mustang I 20-Watt 1x8-Inch Guitar Combo Amp,119.99,Combo Amps
B0042F1L4S,Fender Mustang II 40-Watt 1x12-Inch Guitar Combo Amp,199.99,Combo Amps
B0043RZ9QQ,Korg Vox APJS amPlug Joe Satriani Guitar Headphone Amp,49.99,Combo Amps
B0044R1M0M,Rogue G10 10W 1x3.5 Guitar Combo Amp Black,34.99,Combo Amps
B00466HLXI,Alesis Q25 25-Key USB MIDI Keyboard Controller,79.0,MIDI Controllers
B00466HM28,Akai Professional MPK Mini 25-Key Ultra-Portable USB MIDI Keyboard Controller,99.99,MIDI Controllers
B0046A04LU,Snark Clip-On Chromatic Guitar Tuner Black,13.95,Tuning
B0049Z4UQ2,Rogue Analog Delay Guitar Effects Pedal,49.99,Delay & Reverb
B004BZU4OW,Rogue RA-090 Dreadnought Acoustic Guitar Natural,59.99,Steel-string Acoustics
B004FEBS8K,Joyo JF-06 Vintage Phase guitar pedal and a modern take on a timeless rock classic,29.15,Volume & Expression
B004FEGXDK,"Joyo JF-01 &quot;Vintage Overdrive&quot; Pedal with True Bypass, Quality Switch, and Tone, Volume and Drive Knobs",29.46,Distortion & Overdrive
B004FODY6E,American DJ Micro Galaxian Laser Special Effects Lighting,79.99,Lighting Accessories
B004FPEF84,Fender Accessories 099-0521-000 Slick String Cleaner,3.99,Cleaning & Care
B004FRHKA2,Joyo JF-08 Digital Delay effects pedal with quality stompbox with musical features,32.15,Delay & Reverb
B004GYM7IE,Snark SN4 All Instrument Tuner Metronome,10.95,Tuners
B004GYOZ6G,Snark SN-3 Guitar and Bass Metronome Tuner,9.49,Tuners
B004HJ58JI,Pyle-Pro PVAMP20 20-Watt Vamp-Series Amplifier With 3-Band EQ,54.99,Cabinets
B004HJ9COU,Pyle-Pro PCBL1F12 Premium Quality 12 Ft 1/4'' To 1/4'' Guitar/Instrument/Amp Cable W/Fabric Shielding,10.25,Instrument Cables
B004INGEB4,Ampeg BA108 25-Watt 1x8 Bass Combo Amplifier,99.99,Combo Amps
B004ISK48S,Fender Mustang III Electric Guitar Amplifier,299.99,Combo Amps
B004ISLGKS,"Epiphone Limited Edition Les Paul Junior Electric Guitar, TV Yellow",10.0,Solid Body
B004J27QXY,Boss RC-3 Loop Station Pedal,195.0,Loopers & Samplers
B004LG93KC,MXR M195 Noise Clamp Noise Reduction Guitar Effects Pedal,89.99,Floor Multieffects
B004M8UZS8,"Korg nanoKONTROL2 Slim-Line USB Control Surface, Black",53.3,MIDI Controllers
B004M9CKVM,TC Electronics FlashBack Delay and Looper Guitar Delay Effect Pedal,152.1,Delay & Reverb
B004MF39YS,Samson Meteor Mic USB Studio Microphone (Chrome),69.99,Multipurpose
B004MM6RWM,"Planet Waves IB-AB1T-SDQT Pearloid Guitar Picks - 48 Assorted Variety Pack with 24 Medium Gauge (.70MM), 12 Light Gauge (.50MM), and 12 Heavy Gauge (1.0MM) - Celluloid",10.58,Picks
B004MNTIL8,GLS Audio 25ft Patch Cable Cord - 1/4&quot; TRS To 1/4&quot; TRS Black Cable - 25' Balanced Snake Cord,14.99,Patch Cables
B004N0MKN8,Planet Waves Guitar Rest,7.22,Electric Guitar Stands
B004N6RBWW,Yamaha GL1 Guitalele Guitar Ukulele,99.99,Ukuleles
B004OK17QS,TC Electronic TonePrint Hall of Fame Reverb Signal Path Pedal,11.56,Delay & Reverb
B004OK1G64,TC Electronics MojoMojo Overdrive Compression Effect Pedal,99.99,Distortion & Overdrive
B004OU2IQG,TASCAM DR-05 Portable Digital Recorder,99.99,Portable Recorders
B004PFWYL4,Musician's Gear Hardshell Electric Guitar Case,59.99,Electric Guitar Bags & Cases
B004PFWZHM,Musician's Gear Hardshell A-Style Mandolin Case,39.99,Mandolin Accessories
B004PG1A4A,Musician's Gear Hardshell Dreadnaught Case,59.99,Acoustic & Classical Guitar Bags & Cases
B004T6M7DE,"Legacy Solid Body Electric Guitar, Black",99.99,Solid Body
B004TE5HBU,TASCAM DR-07MKII Portable Digital Recorder,149.99,Handheld Microphones
B004TGVRDA,Line 6 M5 StompBox Modeler,129.0,Floor Multieffects
B004TQJ174,MXR Custom Badass 78 Distortion,67.49,Distortion & Overdrive
B004U1QDL0,Joyo JF-09 Tremolo Guitar Pedal with True By-Pass wiring and Quality Components to Achieves the Desired Sound,27.5,"Chorus, Flange & Tremolo"
B004UJO41S,Cherub WCP-60G Acoustic Guitar Pickup,7.14,Pickups & Pickup Covers
B004UNL1P6,Danelectro DA-4 9-Volt Pedal Power Supply,8.81,Converters
B004VDD4KK,Shubb S1 Acoustic Guitar Deluxe Capo,22.95,Capos
B004XNK7AI,"Snark SN-5 Tuner for Guitar, Bass and Violin",9.95,Tuning
B004Z17008,Snark SN6 Clip-On Ukulele Tuner,6.81,Tuning
B004Z8VQ2O,"JAM Studio Quality Guitar input for iPad, iPhone and Mac",133.53,Hardware
B004ZKIHVU,Power-Grip Pedalboard Velcro Alternative Pedal Mounting Tape,14.95,Electronics
B004ZKY10Q,"Alfred's Teach Yourself to Play Ukulele, Complete Starter Pack",36.42,Ukuleles
B0050ALN2E,MXR M234 Analog Chorus Guitar Effects Pedal (Standard),99.0,"Chorus, Flange & Tremolo"
B0050CEEIW,HDE 10ft/3m XLR Female to USB 2.0 Cable Instruments/Microphones - Black,12.0,Microphone Cables
B0051WAJ5S,7 Multi Guitar Bass Folding Stand Stage 7 Holder Rack Guitar Stand,35.45,Multiple-Guitar Stands
B0052FU602,Don't Fret Position Indicator for 4/4 Violin or 14&quot; Viola,5.95,Orchestral Strings Accessories
B0052S3WFU,"Golden Gate GGMP-12 Mandolin Flat Picks, 12-Pack",14.12,Picks
B0053CUHMG,Epiphone Les Paul Acoustic/Electric Ukulele,129.0,Ukuleles
B0055V7UR0,Dunlop 12 Pick Variety Pack,1.86,Picks
B0058GZTVG,"Washburn Classical Series C5CE Classical Acoustic Electric Guitar, Natural",149.0,Classical & Nylon-String Guitars
B005A09I7Q,"Mahalo FP32 Felt Picks, Pack of 3",2.5,Picks
B005AGGZ8K,"Guitar Strap, Nylon, Black",6.99,Straps
B005BSOVRY,Pyle-Pro PDMIC78 Professional Moving Coil Dynamic Handheld Microphone,19.6,Vocal
B005CERXFO,Bluecell Black 5 Pack Microphone Windscreen Foam Cover,1.5,Windsreens & Pop Filters
B005CX4GLE,"Guitar Hanger Hook Holder Wall Mount Display - Fits all size Guitars, Bass, Mandolin, Banjo, etc.",3.01,Stands
B005DVF15A,Blue Microphones Radius Microphone Shock Mount,51.81,Clips & Mounts
B005E0CPNG,Bullet Bags  by Protec Padded Gig Bag for Bass Guitar,24.14,Bass Guitar Bags & Cases
B005EHILV4,Behringer 302USB Premium 5-Input Mixer with XENYX Mic Preamp and USB/Audio Interface,49.99,Audio Interfaces
B005F3H6Q8,M-Audio BX5 D2 5&quot; Active 2-Way Studio Monitor Speakers,299.0,Studio Monitors
B005FIFM14,Pick Punch - The Original Guitar Pick Punch,35.0,Guitar & Bass Accessories
B005FKF1PY,D'Addario NS Micro Clip-On Tuner,12.56,Tuners
B005FKF3L6,"Planet Waves Elliptical End Pins, Chrome",2.96,Electric Guitar Parts
B005FKF3N4,Planet Waves XLR8 String Lubricant/Cleaner,1.5,Cleaning & Care
B005GZ86ZA,String Swing CC01UK Hardwood Home and Studio Ukulele/Mandolin Hanger,8.02,Stands
B005H2007E,HDE&reg; Guitar Pickup Acoustic / Electric Transducer,10.95,Pickups & Pickup Covers
B005IGFGWI,Schaller Guitar Strap Locks and Buttons (Pair) Nickel,13.57,Strap Locks
B005IVUWDG,ModTone Guitar Effects Mini Mod Series MTM-DLY Mod Tone Mini Delay,59.99,Delay & Reverb
B005J2PXV0,Clayton Picks Beehold BHS80/6 Guitar Picks,3.29,Picks
B005J9FS0Y,K&amp;M Stands iPad2 Mic Stand Holder,37.99,Mic Stands
B005LYIW3W,Joyo JF-03 Crunch Distortion replicates Full-Stack Marshall crunch Gain Settings and Tone,28.0,Volume & Expression
B005M0CK9M,"Joyo JF-02 Ultimate Overdrive Pedal, featuring true Bypass Wiring, Tone Switch and Quality components",28.66,Distortion & Overdrive
B005M0KLGQ,Joyo JF-16 British Sound Effects Pedal with Classic Brit-Rock Era Amp Simulator and Unique Voice Control,31.25,Volume & Expression
B005M0MUQK,Joyo JF-15 California Sound Effects Pedal with Modern Ultra-High Gain Amp Simulator and Unique Voice Control,32.28,Distortion & Overdrive
B005M0TKL8,"Joyo JF-13 AC Tone Vintage Tube Amplifier effects pedal, analog circuit and bypass",31.4,Distortion & Overdrive
B005MR6IHK,Fender FT-004 Chromatic Clip-On Tuner,7.82,Tuning
B005NACC6M,TASCAM DR-40 4-Track Portable Digital Recorder,199.99,Portable Recorders
B005OZE9SA,Focusrite Scarlett 2i2 2 In/2 Out USB Recording Audio Interface,149.0,Audio Interfaces
B005PGGU9O,Premium Quick Change Folk Acoustic Electric Guitar Banjo Trigger Capo Key Clamp,2.73,Capos
B005PNXT6E,Fender Performance Guitar Cable 10' Black,11.05,Instrument Cables
B005SUS1JO,Fender Steel Guitar Picks 4-Pack - Thin,5.57,Picks
B005T800V2,"Perfektion Pack of six different colors, 1 foot Guitar - instrument Patch Cables (Right Angle) - Can be used for FX (effects) pedals, Instruments, and More",11.99,Instrument Cables
B005TO9EPY,Bluecell 5 Pack Blue/Green/Yellow/Hot Pink/Orange Handheld Stage Microphone Windscreen Foam Cover,4.05,Windsreens & Pop Filters
B005VLR6XC,Housweety White Single-handed Guitar Capo Quick Change,2.97,Capos
B005VLWHP4,Black Single-handed Guitar Capo Quick Change,2.59,Capos
B005VM5Z5C,Quick Change Guitar Capo for Acoustic Electric Guitar Black,2.93,Capos
B005ZV5K0O,"Guitar Hanger Holder Rack Wall Mount Display-Fits ALL size Guitars, Saving Alternative to Display Case",3.01,Multiple-Guitar Stands
B00646MZHK,Snark SN-8 Super Tight All Instrument Tuner,11.64,Tuning
B0064BFNME,Ernie Ball 2221 Nickel Regular Slinky Electric Guitar Strings 6 Pack,23.85,Electric Guitar Strings
B0064RDPVE,Musician's Gear Tubular Guitar Stand Black Pair,16.99,Multiple-Guitar Stands
B0064RFT4A,"Epiphone Les Paul Acoustic Electric Ukulele Outfit, Vintage Sunburst",129.0,Ukuleles
B0064RIB9A,Musician's Gear Tripod Mic Stand w/Fixed Boom Black 2-Pack,49.99,Mic Stands
B006H5119Q,Epiphone Les Paul Special I P90 Electric Guitar Worn Cherry,129.0,Solid Body
B006X0UCKY,WD Music BPBDLX Deluxe Bridge Pins Black/Dot Bag Of 12,8.94,Bridge & Bridge Parts
B006X735PQ,Snark SN-2 All Instrument Tuner with Tap Tempo Metronome - Includes ChromaCast Pick Sampler,15.99,Tuners
B006Y2FUW6,Fender Super Champ X2 15-Watt 1x10-Inch Guitar Combo Amp,379.95,Combo Amps
B0073XCXHA,Snark SN-8 Super Tight Tuner with ChromaCast Guitar Pick Sampler,15.99,Tuners
B0073XCYO2,"Snark SN-5 Tuner for Guitar, Bass, Violin with ChromaCast Guitar Pick Sampler",12.95,Tuners
B0073XCZ3C,Planet Waves JF-PW-CT-12-Kit01 NS Mini Headstock Tuner - 360 degree Back-Lit Display Hides Behind the Headstock Visible in the Darkest Environments - Designed in Conjunction with Ned Steinberger,18.49,Tuning
B0078YF9V6,"Ernie Ball 2720 Cobalt Electric Guitar, Power Slinky (11 - 48)",7.75,Electric Guitar Strings
B0079KQEOK,"Neotech 8001912 Simple Sling, Black",7.12,Straps
B007BY2F7O,"Ernie Ball 2721 Cobalt Electric Guitar, Regular Slinky (10 - 46)",8.15,Electric Guitar Strings
B007IE5QP0,"Hohner 1501BX Blues Band, Harmonica, C",5.95,Harmonicas
B007IHYBV2,Mighty Bright 54810 Hammerhead LED Book Light,17.19,Stand Lights
B007J49GPK,"Hohner Special 20 Harmonica, Major C",33.94,Harmonicas
B007K3EGWI,Aquila USA Aquila Tenor Ukulele Strings,5.97,Classical Guitar Strings
B007K3EGXW,Aquila USA Aquila Concert Ukulele Strings,8.37,Musical Instruments
B007PKR3SK,ChargerCity Music Mic Microphone Stand Tablet Mount with 360&deg; Swivel Adjustment Holder for New Apple iPad 2 3 4 Air Retina Mini Google Nexus 7 8 10 Amazon Kindle Fire HD HDX 7 8.9 Surface LG G Pad Samsung Galaxy Tab Note Pro Lenovo Yoga &amp; other 7&quot; 8&quot; 9&quot; 10&quot; 11&quot; 12&quot; Music Tablets (iPad &amp; Mic Stand is not included),29.95,Mic Stands
B007Q27BH0,Joyo JF-34 US Dream Distortion Pedal features a simple Layout but undeniably crisp and clear Harmonics,30.25,Distortion & Overdrive
B007Q28BHE,Joyo JF-36 &quot;Sweet Baby&quot; a low-gain overdrive effect Guitar Pedal,31.74,Distortion & Overdrive
B007T8CUNG,Joyo Audio Dynamic Compressor,29.29,Compression
B007T8KI6M,"Joyo JF-11 6-Band Equalizer, Smooth Sliders and 18dB Boost / Cut",30.35,Distortion & Overdrive
B007T8OGLK,Joyo JF-12 Ultimate Octava: Fuzz/Octave Pedal with Distortion and Octave guitar effects - Two in ONE - endless tone bending possibilities,32.4,Distortion & Overdrive
B007TGWQZ0,Blue Single-handed Guitar Trigger Capo Quick Change,4.44,Capos
B007XH9432,Fretted Maple Fender(R) Telecaster(TM)-style Neck with Truss Rod,37.95,Necks
B007YWHIP2,Neewer&reg; Folk Acoustic Electric Guitar Capo (Gold),4.45,Capos
B008277N80,Diamond Head DU-150 Soprano Ukulele - Mahogany,37.22,Ukuleles
B0087UPSLQ,Stage Rocker Powered by Hamilton SR310303 Cradle Guitar Stand - Black,14.99,Sheet Music Stands
B008AOH1O6,"Studio Microphone Mic Wind Screen Pop Filter/ Swivel Mount, 360&deg; Flexible Gooseneck Holder",6.75,Windsreens & Pop Filters
B008BPI2HE,"Planet Waves NS Tri-Action Capo, Silver",13.23,Capos
B008BTTQI4,Orange Micro Terror 20-Watt Head,149.0,Combo Amps
B008GS3XLQ,Hola! Heavy Duty SOPRANO (up to 21.5 Inch) Ukulele Gig Bag with 15mm Padding,17.95,Ukulele Accessories
B008GS9UNQ,"Hola! Chromatic Clip-on Tuner for Guitar, Bass and Ukulele - Red",7.5,Ukulele Accessories
B008IYUF96,BestDealUSA Pack of 6pcs Electric Guitar Patch Cable Effects Pedal Cords,7.75,Instrument Cables
B008LMS4MK,Cherub WCP-60V Violin Pickup,7.01,Violin
B008O0RKVA,TC Helicon Voice Tone Mic Mechanic Vocal Effects Processor,149.0,Delay & Reverb
B008TNAG4A,"Mooer Pitch Box, micro pedal",88.0,Pitch & Octave
B00923G9Q0,"Korg TM50PW Instrument Tuner and Metronome, White",22.96,Metronomes
B0097WDJZA,JOYO'S NEW AND IMPROVED JP-02 POWER SUPPLY 2 9-18V POWER OPTIONS!,49.53,Signal Path & Pedal Tuners
B0098DFNY8,4pcs Speed Control Knobs Black for Gibson Les Paul Replacement Electric Guitar Parts,1.79,Knobs
B009AS1FLG,Focusrite iTrack Solo USB Audio Interface,119.0,Audio Interfaces
B009E3EWPI,No Title,49.57,Classic Rock
B009EOKTCM,TC Electronics Flashback X4 Guitar Delay Effects Pedal,224.99,Loopers & Samplers
B009GT0KNI,1pc Electric Guitar Bone Nut for Fender Strat Replacement,6.8,Bridges & Bridge Parts
B009MBT68U,Gearlux Deluxe Collapsible Orchestra Music Stand - Black,28.99,Sheet Music Stands
B009MDMQJ4,Gearlux Hardshell Dreadnought Acoustic Guitar Case with Accessory Compartment - Black,60.58,Acoustic & Classical Guitar Bags & Cases
B009MIBIWK,6 String Acoustic Guitar Bone Bridge Saddle and Nut Guitar Parts,7.95,Bridges & Bridge Parts
B009O7CE5O,"Snark SN-13 Chromatic Tuner, Gloss White",15.95,Tuning
B009S814U0,Zoom MS50G MultiStomp Guitar Pedal,99.99,Floor Multieffects
B009ZX8ZJG,ChromaCast CC-EPB-BAG Electric Guitar Padded Gig Bag,19.98,Electric Guitar Bags & Cases
B00A270KYM,ChromaCast CC-AHC Acoustic Guitar Hard Case,54.98,Bass Guitar Bags & Cases
B00A716FB0,ChromaCast Acoustic Guitar 6-Pocket Padded Gig Bag with Guitar Strap and Pick Sampler,21.98,Acoustic & Classical Guitar Bags & Cases
B00AHEWBM4,Xotic SP Compressor,132.0,Compression
B00AK7SKL4,Neewer 40037799 Broadcast Studio Microphone Suspension Boom Scissor Arm Stand with Shock Mount and XLR Male to Female Cable,31.95,Mic Stands
B00AQBT3EW,"D'Addario EXL120BT Nickel Wound Electric Guitar Strings, Balanced Tension Super Light, 9-40",4.64,Electric Guitar Strings
B00AZUAORE,TC Electronic Guitar Ditto Looper Effects Pedal,116.99,Signal Path & Pedal Tuners
B00B1N06PO,"TASCAM TH02-B Closed-Back Stylish Headphone, Black",29.0,Accessories
B00B5LDMH6,Fender 099-0819-000 Strap Blocks (2 Pair),3.71,Straps
B00B5OY8EE,Peavey Vypyr VIP 2 - 40 Watt Modeling Instrument Amplifier,199.95,Power Amplifiers
B00B9060X6,TASCAM DP-008EX Digital Portastudio 8-Track Portable Multi-Track Recorder,149.95,Digital
B00BG6ZM0K,TASCAM US-322 2-In/2-Out USB Audio Interface,104.0,Audio Interfaces
B00BHJNC4E,GLS Audio 20 Foot Guitar Instrument Cable - 1/4 Inch TS to 1/4 Inch TS 20 FT Brown Yellow Tweed Cloth Jacket - 20 Feet Pro Guitar Cord 20' Phono 6.3mm Cord - SINGLE,14.99,Instrument Cables
B00BHK2UHI,GLS Audio 20 Foot Guitar Instrument Cable - 1/4-Inch TS to 1/4-Inch TS 20 FT Black Gray Tweed Cloth Jacket - 20 Feet Pro Guitar Cord 20' Phono 6.3mm Cord - SINGLE,16.99,Instrument Cables
B00BKXN9LS,Acoustic Guitar Strap Button (Black),7.99,Straps
B00BL6IYW8,"ChromaCast CC-CP-48PK Pearl Celluloid Guitar Picks, Assorted 48-Pack - Light, Medium and Heavy Gauge",8.94,Picks
B00BL6JDUA,ChromaCast CC-SAMPLE-12PK Sampler Guitar Picks,1.99,Picks
B00BLQ7M4E,Hola! Portable Stand for Acoustic and Classic Guitars,14.99,Acoustic Guitar Stands
B00BLQTZDA,"Hola! Portable Stand for Small Instruments (Ukulele, Violin etc.)",12.95,Ukulele Accessories
B00BTGMI5O,Fender Mustang I V2 20-Watt 1x8-Inch Combo Electric Guitar Amplifier,119.95,Combo Amps
B00BU9KCXK,ChromaCast CC-MINIGS Universal Folding Guitar Stand with Secure Lock,14.99,Electric Guitar Stands
B00C5B20QE,"Switchcraft 11 Mono Female 1/4-Inch Jack with Nut and Washer, Nickel Finish",2.96,Knobs
B00CDA0IUC,Guitar Tuner - Clip on - Electronic - Tune Acoustic - Electric Musical Instruments - Bass - Ukulele - Chromatic - Digital - Beginners - Pro - Good - Standard - Mini - Headstock - Easy Tuning - Accurate - Pitch - Turn 360 Degrees - Solid - Free Lesson,12.97,Tuners
B00CFMWBLC,"C.F. Martin &amp; Co 18A0032 Guitar Leather Head Stock Strap Tie, Brown",8.69,Straps
B00CK2FOZM,"Capo for Acoustic Guitar - Aluminum Alloy - Silver - Professional Quality Trigger Style - Easy to Clamp with One Hand - Use on 6 String Electric, Acoustic and Classical Guitars, Ukelele - Great Accessory As Part of Your Gig Bag - Lifetime Guarantee",21.49,Capos
B00E0EXYMS,TASCAM TH-2000-R Professional Grade Headphones (Red/Black),24.99,DJ Headphones
B00EIMZG46,TC Electronic Guitar Tuner 966120001 Polytune 2 Guitar Pedal Tuner,11.56,Signal Path & Pedal Tuners
B00EPWAQS0,Electro-Harmonix HOTTUBESNANO Overdrive,58.35,Distortion & Overdrive
B00EQDITGO,Digitech JMEXTV JamMan Express XT Compact Stereo Looper Pedal with JamSync,99.0,Loopers & Samplers
B00F2PKRJW,RTOM Moongel Damper Pads - Original Formula - 6 Pads - MG4,7.8,Drum Set Accessories
B00FXKIG5I,Snark S-1 Son of Snark Guitar and Bass Tuner,10.75,Tuners
B00GTSM8FW,Planet Waves NS Artist Guitar Capo,16.91,Capos
B00H02C9TG,"Apogee JAM 96k Professional Quality Guitar input for iPad, iPhone and Mac",129.0,Multitrack Recorders
B00HFRXACG,"D'Addario EFX165 FlexSteels Bass Guitar Strings, Custom Light, 45-105, Long Scale",18.77,Bass Guitar Strings
B00IZCSW3M,"D'Addario NYXL0942 Nickel Plated Electric Guitar Strings, Extra Light",10.94,Electric Guitar Strings
B00J4TBMVO,"Elixir Strings 11182 Acoustic 80/20 Bronze Guitar Strings with NANOWEB Coating, HD Light Gauge",16.41,Acoustic Guitar Strings
B00JBIVXGC,"Elixir Strings 16182 Acoustic Phosphor Bronze Guitar Strings with NANOWEB Coating, HD Light Gauge",15.99,Acoustic Guitar Strings
